key	clause
q-001	a way to make the jack plane keep cutting fine shavings through the final flattening pass
q-002	a way to keep wood filler from staying pale while the surrounding pine darkens with age
q-003	none
q-004	a technique to deliberately draw out that purple blade burn colour as a repeatable finish
q-005	a way to mark centres and drill accurately aligned dowel pin holes without a drill press
q-006	a proven method to apply polyurethane over osmo oiled worktops without the finish failing to bond
q-007	a way to keep the workpiece from vibrating off the pencil line when sawing curved contours
q-008	a way to cut a crisp ninety degree edge in epoxy with a surfacer bit that does not chip
q-009	a way to take a glued and pinned cope and stick joint apart with minimal damage to the wood
q-010	the right way to attach a full thickness solid back panel so the cabinet is as stiff as possible
q-011	a way to reinforce a thin secondhand table top so it safely carries a bolted on bike stand
q-012	none
q-013	none
q-014	advice on bracing the back of a live edge cedar slab so it does not move further
q-015	a way to free the stuck knife and wedge from an old jointer cutting head without damage
q-016	none
q-017	a way to lay down thin epoxy coats over wood without bubbles or roughness
q-018	a way to add static pressure to a small bore dust extraction line so it can replace the shop vac
q-019	a sound way to repair a split glued plank and plywood lamp base without the plywood delaminating further
q-020	a coarse thread tap and die set for cutting jumbo threaded wooden toy screws
q-021	none
q-022	none
q-023	none
q-024	none
q-025	a technique for swimming a long distance while carrying fins instead of wearing them
q-026	a way to make dead dry pine and oak firewood burn long enough to last all night in a tent stove
q-027	none
q-028	a tool or website to find trails matching a chosen length, elevation gain and difficulty
q-029	none
q-030	a layering system that works for a five day arctic ski expedition at minus thirty to minus forty
q-031	none
q-032	none
q-033	none
q-034	none
q-035	none
q-036	none
q-037	none
q-038	a way to repair a deformed backpack snap hook so it closes and holds weight again
q-039	the right front to back toilet seat position so adults and children of any height can sit
q-040	none
q-041	none
q-042	none
q-043	none
q-044	a way to stop the first batch of pancakes browning in a spiderweb pattern on a double burner griddle
q-045	a safe way to reheat a previously cooked tri tip roast without ruining its texture
q-046	none
q-047	none
q-048	none
q-049	a method for coating frozen fruit juice in a thin shell that melts in the mouth and releases it
q-050	none
q-051	none
q-052	none
q-053	none
q-054	none
q-055	none
q-056	a way to stop a portable induction hob producing a high pitched whine noise
q-057	none
q-058	none
q-059	reliable descaling instructions for a Russel Hobbs coffee filter machine and kettle that clear scale residue
q-060	a way to cut dried lasagna sheets along a chosen line without them shattering into fragments
