key	answer
c-021	not same
c-012	not same
p-03	same
k-002	not same
n-06	not same
c-017	not same
k-053	not same
k-008	not same
k-004	not same
k-048	not same
c-027	not same
p-19	same
k-011	not same
p-07	same
c-007	not same
k-033	not same
k-017	not same
k-027	not same
p-16	same
c-008	not same
p-18	same
k-044	not same
k-040	not same
k-001	not same
p-11	same
k-057	not same
k-005	not same
n-03	not same
k-034	not same
p-17	same
k-055	not same
n-10	not same
k-028	not same
p-09	same
c-015	not same
k-050	not same
k-009	not same
k-023	not same
p-20	same
c-026	not same
c-006	not same
c-031	not same
k-047	not same
k-036	not same
k-022	not same
k-010	not same
n-07	not same
k-013	not same
k-024	not same
c-004	not same
n-02	not same
c-001	not same
c-023	not same
p-15	same
k-054	not same
p-06	same
c-009	not same
p-12	same
p-08	same
k-025	not same
k-046	not same
k-026	not same
p-01	same
c-003	not same
k-042	not same
k-035	not same
n-05	not same
c-030	not same
k-003	not same
c-022	not same
n-08	not same
p-05	same
k-052	not same
c-028	not same
c-011	not same
p-04	same
c-014	not same
k-058	not same
p-13	same
k-039	not same
k-059	not same
k-014	not same
c-020	not same
n-09	not same
c-016	not same
k-007	not same
k-060	not same
k-020	not same
n-04	not same
c-032	not same
k-037	not same
k-031	not same
c-005	not same
k-043	not same
c-025	not same
k-038	not same
k-012	not same
n-01	not same
k-049	not same
k-045	not same
k-030	not same
p-02	same
k-016	not same
k-056	not same
c-013	not same
p-14	same
c-029	not same
c-018	not same
k-041	not same
c-024	not same
k-018	not same
k-015	not same
c-010	not same
c-002	not same
k-019	not same
k-051	not same
k-021	not same
c-019	not same
k-006	not same
k-032	not same
k-029	not same
p-10	same
