qid	site	views	years_open	class	title
50097	bicycles	15635	9.0	registry-lookup	I need help to identify my bmx bike by using serial numbers
144572	diy	10665	8.2	technique-or-expertise	Can I place a Booster Pump after Pressure Tank and before my water softener
6806	woodworking	8311	8.7	technique-or-expertise	How to fix this blotchy staining job?
113517	diy	7175	9.4	registry-lookup	What size start capacitor should I buy for my refrigerator compressor?
114201	diy	6752	9.4	technique-or-expertise	Why is my well pump sucking air?
92419	diy	6495	10.3	diagnose-own-artifact	Why do several of my outlets not have power after replacing a GFCI?
120832	diy	5423	9.2	technique-or-expertise	Dehumidifier Settings
105588	diy	4804	9.7	technique-or-expertise	I want fan ON 24/7, NEVER turn off. How to force fan on even when furnace turns on?
67359	cooking	4094	10.6	technique-or-expertise	Baking a rib eye in the oven
129752	diy	3515	8.8	technique-or-expertise	Using voltage stabilizer AND UPS for pc?
130723	diy	3437	8.7	technique-or-expertise	Wiring 4 gang box
43862	gardening	3133	7.5	technique-or-expertise	Purple edge on black berry leaves
141633	diy	2255	8.2	technique-or-expertise	ceiling fan not getting enough power
147667	diy	2159	8.0	technique-or-expertise	Installing a sub panel on a fixed dock (boathouse)
125937	diy	1960	8.9	technique-or-expertise	Laundry Room Floor Drain
65880	diy	1770	11.4	technique-or-expertise	Flexible LED light strips falling from cabinet
8043	woodworking	1515	7.8	technique-or-expertise	For how much time are fumes from freshly polished wood furniture toxic and must be aired out &amp; presence avoided?
8189	woodworking	1444	7.7	technique-or-expertise	How to prevent plane from clogging?
7949	woodworking	1153	7.9	technique-or-expertise	Blotchy clear coat water based poly on natural finish
116380	cooking	1092	5.2	judgement	Really pink Chinese BBQ Pork (Char Siu): Safe to eat?
7408	woodworking	1080	8.3	technique-or-expertise	Sharpening Stones for Chisels and Planes (the 1000th time)
98732	diy	1048	10.1	technique-or-expertise	Replacing old track lighting
91297	diy	909	10.3	technique-or-expertise	Whirlpool dishwasher having issues, what would cause these symptoms?
7584	woodworking	883	8.2	judgement	Should I use spacing between boards on a chunky oak table?
11345	woodworking	787	5.8	technique-or-expertise	Stain drastically changed color as it dried
111085	diy	775	9.5	technique-or-expertise	Flies in the house daily
37834	diy	754	12.7	technique-or-expertise	How soon can I repaint a wall that I just painted?
49116	bicycles	705	9.2	registry-lookup	ID my bmx please
144313	diy	678	8.2	technique-or-expertise	Siphon system for winterizing Sprinkler System
11281	woodworking	661	5.8	technique-or-expertise	What hinge system can “hide” a drop down door?
10446	woodworking	640	6.5	technique-or-expertise	Sanding Poly coated veneer
7155	woodworking	618	8.5	technique-or-expertise	What causes dark patches in stained wood?
136415	diy	611	8.5	technique-or-expertise	Light going out when furnace or refrigerator kick off
20080	diy	561	13.9	purchase-source	Where can I purchase exhaust blowers for custom island range hood and how do I install it?
10165	woodworking	519	6.8	technique-or-expertise	Advice on my Delta Unifence?
56755	gardening	503	5.6	technique-or-expertise	What are the spikey patches of grass on my lawn?
15164	woodworking	486	2.6	technique-or-expertise	How do you make construction plywood look better?
10787	woodworking	466	6.2	technique-or-expertise	Additional layer of protection over polymerized linseed oil that maintains feel
10025	woodworking	453	7.0	technique-or-expertise	Metal lathe tool post on a wood lathe
79071	bicycles	445	5.2	technique-or-expertise	How to adjust rear derailleur indexing in a mix-and-match drivetrain in the easiest manner?
128236	diy	442	8.8	technique-or-expertise	In open-vented central heating system why does height of cistern matter when water gets pumped anyway
90547	cooking	434	8.3	technique-or-expertise	Why does the recipe for ketchup call for bell peppers?
115057	diy	430	9.4	technique-or-expertise	Fan light won&#39;t turn on
112937	cooking	418	5.8	technique-or-expertise	Tips for stainless steel
10040	woodworking	418	7.0	technique-or-expertise	Exposure to a lot of oak sanding dust when didn’t know the harm...advice please!
184323	diy	395	6.6	technique-or-expertise	How can I get water to drain out of a sink where the drain opening is higher than the bowl bottom?
10809	woodworking	392	6.2	technique-or-expertise	How to straighten AC plywood for desktop
217336	diy	385	5.6	diagnose-own-artifact	My washer is saying F51 on maytag bravo quite series 300
12790	woodworking	375	5.4	technique-or-expertise	Drying time on line tongue and groove boards
51821	gardening	368	6.4	technique-or-expertise	Saving frostbite tomato plants
44397	gardening	351	7.4	diagnose-own-artifact	Why is my marigold drooping
45756	gardening	329	7.4	technique-or-expertise	Spacing for Loquat trees
148908	diy	326	8.0	technique-or-expertise	Fixing pipe/tube from dishwasher to disposal
53774	diy	296	11.8	technique-or-expertise	I have a slantfin hot water furnace ,it goes on then shuts off every 2 min until. It reaches the set temp
111091	diy	291	9.5	technique-or-expertise	How to unscrew from narrow gap?
136845	cooking	287	0.5	technique-or-expertise	How does harvest timing affect polyphenol content (mg/kg) in olive oil?
25878	diy	287	13.6	technique-or-expertise	How do I turn the heat down in my house?
82883	cooking	265	9.2	technique-or-expertise	From a nutrition perspective, is microwaving frozen vegetables without water the same as microwaving frozen vegetables with water?
45838	gardening	262	7.4	technique-or-expertise	Help Identifying This Burdock-Type Plant
93048	cooking	254	7.9	technique-or-expertise	How to make mayonnaise at home?
10747	woodworking	252	6.3	technique-or-expertise	What are the less commonly discussed must-haves in your woodshop first-aid kit?
122377	diy	228	9.1	technique-or-expertise	Ceiling signs of roof leak
45638	gardening	221	7.4	diagnose-own-artifact	Elephant ear plant a bit limp and discolored
44039	gardening	207	7.5	diagnose-own-artifact	Dying rose plant
45791	gardening	197	7.4	diagnose-own-artifact	Bonsai leaves turning brown and dropping
138312	diy	196	8.4	technique-or-expertise	How to determine if wire size is correct for given maximum power
7647	woodworking	194	8.1	technique-or-expertise	Staining veneer in humid weather
45955	gardening	187	7.3	technique-or-expertise	Could mosses absorb enough carbon dioxide indoor?
45842	gardening	181	7.4	diagnose-own-artifact	Is this bug on my wisteria harmful?
66551	cooking	179	10.6	diagnose-own-artifact	Pizza fries getting burnt
44369	gardening	175	7.5	technique-or-expertise	How to prove an avocado grown from a seed is not a Hass?
7295	woodworking	174	8.4	technique-or-expertise	Name for threaded workbench receptacles?
7598	woodworking	173	8.2	purchase-source	What kind and size screws should I use to fix a 5.5cm thick oak table?
10033	woodworking	169	7.0	technique-or-expertise	is it better to use more blade or just enough blade?
226591	diy	152	5.3	technique-or-expertise	Bathroom wiring
15750	woodworking	137	1.6	technique-or-expertise	How to Calculate and Design Router Templates for Joinery Like Dowels, Dovetails, and Tenons?
74228	diy	135	11.1	technique-or-expertise	Something burrowing into cedar planks
6648	woodworking	134	8.9	technique-or-expertise	Threaded inserts alignment methods
99676	diy	128	10.0	technique-or-expertise	hot water, baseboard oil boiler - bleeding at boiler site possibility?
138457	diy	128	8.4	technique-or-expertise	Is my control board bad?
120580	diy	126	9.2	technique-or-expertise	Installing a ceiling fan remote
162453	diy	125	7.4	technique-or-expertise	Looking for a bathtub door
115172	diy	124	9.4	technique-or-expertise	What is causing the remote not to work properly when the light is connected up to the ceiling fan?
41975	gardening	119	8.0	technique-or-expertise	How can I deal with a heavy infestation of mealybugs on my potted Mandevillas?
42070	gardening	119	8.0	diagnose-own-artifact	What is this plant with curly leaves?
46269	gardening	98	7.3	technique-or-expertise	How do I get a mango seed to go from the first shoot to a healthy plant?
26590	gardening	91	10.3	technique-or-expertise	What&#39;s the difference between hay, and stick bundles for beneficial insects?
10151	woodworking	90	6.8	technique-or-expertise	Can this be fixed before poly?
45560	gardening	86	7.4	diagnose-own-artifact	Is my laburnam tree dead?
45664	gardening	84	7.4	technique-or-expertise	Is this a chili disease or just bad treatment?
44438	gardening	74	7.4	diagnose-own-artifact	Could anyone inform me what tree this is?
45727	gardening	72	7.4	diagnose-own-artifact	What kind of weed is this?
46063	gardening	72	7.3	diagnose-own-artifact	What is this feathery reddish/white &quot;weed&quot; that has popped up in a meadow area?
45524	gardening	71	7.4	technique-or-expertise	Straight 8 cucumber problems
46152	gardening	66	7.3	technique-or-expertise	can a purple onion plant thrive on water-only?
43976	gardening	59	7.5	technique-or-expertise	Drainage question; tall, cylindrical pot vs stouter one
43993	gardening	54	7.5	technique-or-expertise	What&#39;s the best way to start plants when incorporating fungi into the starting mix?
8108	woodworking	52	7.8	technique-or-expertise	Plywood sealer paint coated
44395	gardening	51	7.4	judgement	My garden is still mud, and it&#39;s 2 weeks after the normal last frost, should I plant seeds yet?
46030	gardening	48	7.3	technique-or-expertise	What mushroom inoculation method works better?
43890	gardening	47	7.5	technique-or-expertise	Gardening in windy areas. Is investing in climbers a mistake?
44338	gardening	46	7.5	technique-or-expertise	Will fruit/vegetables split with heavy constant watering?
44376	gardening	46	7.5	diagnose-own-artifact	Hello, flowers of my caqui tree turned brown any idea why?
43720	gardening	42	7.6	technique-or-expertise	Ideas for small no low-maintenance plantation
43980	gardening	42	7.5	technique-or-expertise	What can I do for this apple tree in utah?
43795	gardening	40	7.6	technique-or-expertise	Best soil decision for planting succulent seeds
44280	gardening	40	7.5	technique-or-expertise	Epiphytic(?) Cactus Identification Needed
27498	gardening	37	10.2	judgement	What permanent grasses should I look into?
46066	gardening	25	7.3	diagnose-own-artifact	Drooping peace plant
45843	gardening	23	7.4	technique-or-expertise	I&#39;m trying to identify a rose
