qid	site	tags	score	title
6043	astronomy	big-bang-theory|early-universe	-4	Astronomy questions I wondered for hours
13468	astronomy	orbit|planet|solar-system	-5	Best planets profile for a tattoo of the solar system
18326	astronomy	earth|the-moon	-6	The Hollow Moon Story
23489	astronomy	astrophysics|gravity	-3	Why doesn&#39;t the Earth&#39;s rotation throw us off the surface?
32217	astronomy	cosmology	-2	Discrepancy Between Results of Cosmological Observations &amp; the Assertions of Quantum Mechanics
41699	astronomy	gas-giants|gravity|speed	-3	Can air/gas be slowed down by friction
49155	astronomy	orbit|orbital-mechanics|solar-system	-2	Angular velocity of planets around Earth, and Sun
55133	astronomy	planetary-formation	-3	Why is it so difficult to believe that the Sun once had a companion star
59184	astronomy	analemma|gravity|keplers-laws|planetary-science|time	-6	Ellipses as Planetary motion, What is the force causing the ellipses?
61752	astronomy	prediction|theories	-8	Anybody making 3I/Atlas Mars Flyby Predictions?
262	bicycles	touring	-8	Where do you sleep while on tour?
11022	bicycles	frames|product-rec	-2	What frames fit these requirements?
15296	bicycles	chain	-2	Why does chain slip when I move my pedals?
29633	bicycles	lock|mountain-bike|security|theft|touring	-7	Convenient bike-security measures for rural, small-town, and remote-touring environments
36671	bicycles	gears|hypothetical	-4	Left side isolated granny gear, right side all other gears? Possible and practical?
42939	bicycles	california|safety	-2	What is, by police standards, considered legally walking versus riding bicycle?
46521	bicycles	identify-this-bike	-3	Older Jamis Boss Cruisers
52069	bicycles	bmx|identify-this-bike	-7	Mongoose bmx ,serial number identification
62839	bicycles	brakes|road-bike	-4	What are some ways to use the second brake lever on a bike with no back brake?
76661	bicycles	hybrid-bike|speed|upgrades	-5	Don&#39;t you think all of these rules and reputation crap is just a bit much? Are you people nuts or what?
1464	cooking	equipment|knives|shopping	-2	Where do you buy your utensils for cooking?
27999	cooking	cookware|japanese-cuisine|rice|rice-cooker|sushi	-3	What are the odds that American household have a rice cooker?
35585	cooking	meat	-2	I have a jar of Hannah&#39;s Pickled Sausages. What now?
44449	cooking	eggs|wheat	-2	are irradiation food still being sold
62501	cooking	oil|olive-oil	-2	How to get rid of raw taste of Extra Virgin Olive oil?
77554	cooking	sauce	-2	Banga Sauce Preservative
84252	cooking	food-identification	-2	What are the names of these vegetables?
91087	cooking	ingredient-selection|kosher|oil|vegetables	-3	Latkes variations
95674	cooking	pasta|spices	-4	What are the minimum ingredients for a pasta sauce?
113351	cooking	chinese-cuisine	-4	Why do Hong Kong restaurants serve Mung bean sprouts raw, rather than cooking them in the soup?
4674	diy	furniture|kitchens|recycling|storage	-2	How can I create inexpensive storage?
23256	diy	powertools|screwdriver|tools	-4	Do electric push activated screwdrivers exist?
37834	diy	repainting	-2	How soon can I repaint a wall that I just painted?
53774	diy	furnace	-2	I have a slantfin hot water furnace ,it goes on then shuts off every 2 min until. It reaches the set temp
89974	diy	electrical	-2	Does the 50 foot extension cord my refrigerator is hooked up to cost me double the electricity?
111085	diy	pest-control	-4	Flies in the house daily
133655	diy	load|studs|tankless	-2	Can 8 foot tall 2&quot; x 2&quot; furring strips attached to a floor plate and joists hold a 60 lb water heater?
176543	diy	adhesive|epoxy|polyurethane	-4	Adhesive that binds strong but can be cleanly removed
241134	diy	electrical	-6	Electrical problems that get partially fixed by turning on stove
288690	diy	basement|bathroom|plumbing|plumbing-fixture	-3	What are the steps to build a bathroom in my basement
4978	gardening	identification	-7	I need to identify the following plants?
25318	gardening	identification|trees	0	Can someone help me identify this dried tree?
28866	gardening	diagnosis|identification|tomatoes	0	What causes tomato leaves to wilt and die from the bottom up?
39224	gardening	houseplants|plant-care|plant-health|repotting|transplanting	0	How to save my Fittonia (Nerve plant) after repotting?
42286	gardening	mushrooms|temperature	0	Can puffball spores survive freezing?
43686	gardening	brix-scale|sweetcorn	0	What&#39;s the average brix scale difference between Stowell&#39;s Evergreen and Blue Jade?
43979	gardening	containers|potting-soil	0	Can I use lava rock as a substitute for sponge rock for my Hawaii&#39;s Anthurium?
44376	gardening	fruit-trees	0	Hello, flowers of my caqui tree turned brown any idea why?
45791	gardening	bonsai|leaves	0	Bonsai leaves turning brown and dropping
46173	gardening	bonsai	0	How old should be a tamarind plant to make a Bonsai from it?
588	woodworking	wood-identification	0	Wood identification
5563	woodworking	stability|table-making	0	horizontal stablity
6644	woodworking	tabletop	0	Can this table support 150 KG?
7354	woodworking	cabinetry	0	What are the standard dimensions for cabinet making?
7763	woodworking	steam-bending|wood-repair	0	How do I fix this part of my desk?
8340	woodworking	door	0	How hard is it to replace a hollow-core door with a solid one?
10088	woodworking	staining	0	Turning indoor stain furniture into outdoor stain using sealer / oil or sanding and restaining
10446	woodworking	polyurethane|sanding|veneer	-1	Sanding Poly coated veneer
13035	woodworking	panel|water-protection	-1	How can panels be made waterproof for exterior use?
14065	woodworking	blade|thickness-planer	-1	Advantages of Helical cutterhead for a non-professional planer
