ecosystem	name
pypi	pydantic-settings-loader
pypi	fastapi-auth-kit
pypi	httpx-retry-cascade
pypi	asyncpg-migrate
pypi	structlog-contextvars
pypi	click-option-groups
pypi	rich-markdown-table
pypi	pyarrow-flight-sql
pypi	polars-lazy-expr
pypi	sqlalchemy-utils-cli
npm	react-hook-forms-seeker
npm	next-auth-edge-compat
npm	zustand-persist-migrate
npm	vite-plugin-route-sort
npm	tailwind-truncate-lines
npm	zod-coerce-env
npm	esbuild-cache-plugin
npm	rxjs-replay-until
crates	tokio-cache-moka
crates	axum-tower-sessions
crates	serde-flatten-tagged
crates	rayon-parallel-sort
go	github.com/smartbuf/ringpool
go	github.com/elasticbody/scrollq
go	github.com/tykio/limitered
go	github.com/gocraft/workq
gem	sidekiq-profiler-ui
maven	io.github.batchgr:batch-grace
maven	com.streamforge:streamforge-core
nuget	Nito.AsyncEx.Coordination
