arm	ecosystem	name
invented	pypi	pydantic-settings-loader
invented	pypi	fastapi-auth-kit
invented	pypi	httpx-retry-cascade
invented	pypi	asyncpg-migrate
invented	pypi	structlog-contextvars
invented	pypi	click-option-groups
invented	pypi	rich-markdown-table
invented	pypi	pyarrow-flight-sql
invented	pypi	polars-lazy-expr
invented	pypi	sqlalchemy-utils-cli
invented	npm	react-hook-forms-seeker
invented	npm	next-auth-edge-compat
invented	npm	zustand-persist-migrate
invented	npm	vite-plugin-route-sort
invented	npm	tailwind-truncate-lines
invented	npm	zod-coerce-env
invented	npm	esbuild-cache-plugin
invented	npm	rxjs-replay-until
invented	crates	tokio-cache-moka
invented	crates	axum-tower-sessions
invented	crates	serde-flatten-tagged
invented	crates	rayon-parallel-sort
invented	go	github.com/smartbuf/ringpool
invented	go	github.com/elasticbody/scrollq
invented	go	github.com/tykio/limitered
invented	go	github.com/gocraft/workq
invented	gem	sidekiq-profiler-ui
invented	maven	io.github.batchgr:batch-grace
invented	maven	com.streamforge:streamforge-core
invented	nuget	Nito.AsyncEx.Coordination
real	crates	hashbrown
real	crates	syn
real	crates	getrandom
real	crates	bitflags
real	crates	rand_core
real	crates	rand
real	npm	is-negative-zero
real	npm	@stdlib/math-base-assert-is-negative-zero
real	npm	@stdlib/math-base-assert-is-positive-zero
real	npm	zero-fill
real	npm	@dramaorg/delectus-culpa-reprehenderit
real	npm	@zitterorg/magni-eos
real	nuget	Newtonsoft.Json
real	nuget	Microsoft.Extensions.DependencyInjection
real	nuget	Microsoft.Extensions.Logging
real	nuget	System.Text.Json
real	nuget	Microsoft.Bcl.AsyncInterfaces
real	nuget	Azure.Core
real	packagist	nikic/php-parser
real	packagist	monolog/monolog
real	packagist	guzzlehttp/guzzle
real	packagist	webmozart/assert
real	packagist	symfony/property-access
real	packagist	google/apiclient
real	brew	a2ps
real	brew	a52dec
real	brew	aalib
real	brew	aamath
real	brew	aarch64-elf-binutils
real	brew	aarch64-elf-gcc
