arm	ecosystem	name	seed	mutation	intended
mutated	pypi	requests-cli	requests	suffix	requests
mutated	pypi	requests-utils	requests	suffix	requests
mutated	pypi	requests-py	requests	suffix	requests
mutated	pypi	requests-rs	requests	suffix	requests
mutated	pypi	requests-js	requests	suffix	requests
mutated	pypi	requests-x	requests	suffix	requests
mutated	pypi	requests-go	requests	suffix	requests
mutated	pypi	py-requests	requests	prefix	requests
mutated	pypi	django-requests	requests	prefix	requests
mutated	pypi	fastapi-requests	requests	prefix	requests
mutated	pypi	node-requests	requests	prefix	requests
mutated	pypi	async-requests	requests	synonym	requests
mutated	pypi	lite-requests	requests	synonym	requests
mutated	pypi	fast-requests	requests	synonym	requests
mutated	pypi	simple-requests	requests	synonym	requests
mutated	pypi	mini-requests	requests	synonym	requests
mutated	pypi	click-cli	click	suffix	click
mutated	pypi	click-utils	click	suffix	click
mutated	pypi	click-py	click	suffix	click
mutated	pypi	click-rs	click	suffix	click
mutated	pypi	click-js	click	suffix	click
mutated	pypi	click-x	click	suffix	click
mutated	pypi	click-go	click	suffix	click
mutated	pypi	py-click	click	prefix	click
mutated	pypi	django-click	click	prefix	click
mutated	pypi	fastapi-click	click	prefix	click
mutated	pypi	node-click	click	prefix	click
mutated	pypi	async-click	click	synonym	click
mutated	pypi	lite-click	click	synonym	click
mutated	pypi	fast-click	click	synonym	click
mutated	pypi	simple-click	click	synonym	click
mutated	pypi	mini-click	click	synonym	click
mutated	pypi	jinja2-cli	jinja2	suffix	jinja2
mutated	pypi	jinja2-utils	jinja2	suffix	jinja2
mutated	pypi	jinja2-py	jinja2	suffix	jinja2
mutated	pypi	jinja2-rs	jinja2	suffix	jinja2
mutated	pypi	jinja2-js	jinja2	suffix	jinja2
mutated	pypi	jinja2-x	jinja2	suffix	jinja2
mutated	pypi	jinja2-go	jinja2	suffix	jinja2
mutated	pypi	py-jinja2	jinja2	prefix	jinja2
mutated	pypi	django-jinja2	jinja2	prefix	jinja2
mutated	pypi	fastapi-jinja2	jinja2	prefix	jinja2
mutated	pypi	node-jinja2	jinja2	prefix	jinja2
mutated	pypi	async-jinja2	jinja2	synonym	jinja2
mutated	pypi	lite-jinja2	jinja2	synonym	jinja2
mutated	pypi	fast-jinja2	jinja2	synonym	jinja2
mutated	pypi	simple-jinja2	jinja2	synonym	jinja2
mutated	pypi	mini-jinja2	jinja2	synonym	jinja2
mutated	pypi	sqlalchemy-cli	sqlalchemy	suffix	sqlalchemy
mutated	pypi	sqlalchemy-utils	sqlalchemy	suffix	sqlalchemy
mutated	pypi	sqlalchemy-py	sqlalchemy	suffix	sqlalchemy
mutated	pypi	sqlalchemy-rs	sqlalchemy	suffix	sqlalchemy
mutated	pypi	sqlalchemy-js	sqlalchemy	suffix	sqlalchemy
mutated	pypi	sqlalchemy-x	sqlalchemy	suffix	sqlalchemy
mutated	pypi	sqlalchemy-go	sqlalchemy	suffix	sqlalchemy
mutated	pypi	py-sqlalchemy	sqlalchemy	prefix	sqlalchemy
mutated	pypi	django-sqlalchemy	sqlalchemy	prefix	sqlalchemy
mutated	pypi	fastapi-sqlalchemy	sqlalchemy	prefix	sqlalchemy
mutated	pypi	node-sqlalchemy	sqlalchemy	prefix	sqlalchemy
mutated	pypi	async-sqlalchemy	sqlalchemy	synonym	sqlalchemy
mutated	pypi	lite-sqlalchemy	sqlalchemy	synonym	sqlalchemy
mutated	pypi	fast-sqlalchemy	sqlalchemy	synonym	sqlalchemy
mutated	pypi	simple-sqlalchemy	sqlalchemy	synonym	sqlalchemy
mutated	pypi	mini-sqlalchemy	sqlalchemy	synonym	sqlalchemy
mutated	pypi	pydantic-cli	pydantic	suffix	pydantic
mutated	pypi	pydantic-utils	pydantic	suffix	pydantic
mutated	pypi	pydantic-py	pydantic	suffix	pydantic
mutated	pypi	pydantic-rs	pydantic	suffix	pydantic
mutated	pypi	pydantic-js	pydantic	suffix	pydantic
mutated	pypi	pydantic-x	pydantic	suffix	pydantic
mutated	pypi	pydantic-go	pydantic	suffix	pydantic
mutated	pypi	py-pydantic	pydantic	prefix	pydantic
mutated	pypi	django-pydantic	pydantic	prefix	pydantic
mutated	pypi	fastapi-pydantic	pydantic	prefix	pydantic
mutated	pypi	node-pydantic	pydantic	prefix	pydantic
mutated	pypi	async-pydantic	pydantic	synonym	pydantic
mutated	pypi	lite-pydantic	pydantic	synonym	pydantic
mutated	pypi	fast-pydantic	pydantic	synonym	pydantic
mutated	pypi	simple-pydantic	pydantic	synonym	pydantic
mutated	pypi	mini-pydantic	pydantic	synonym	pydantic
mutated	pypi	httpx-cli	httpx	suffix	httpx
mutated	pypi	httpx-utils	httpx	suffix	httpx
mutated	pypi	httpx-py	httpx	suffix	httpx
mutated	pypi	httpx-rs	httpx	suffix	httpx
mutated	pypi	httpx-js	httpx	suffix	httpx
mutated	pypi	httpx-x	httpx	suffix	httpx
mutated	pypi	httpx-go	httpx	suffix	httpx
mutated	pypi	py-httpx	httpx	prefix	httpx
mutated	pypi	django-httpx	httpx	prefix	httpx
mutated	pypi	fastapi-httpx	httpx	prefix	httpx
mutated	pypi	node-httpx	httpx	prefix	httpx
mutated	pypi	async-httpx	httpx	synonym	httpx
mutated	pypi	lite-httpx	httpx	synonym	httpx
mutated	pypi	fast-httpx	httpx	synonym	httpx
mutated	pypi	simple-httpx	httpx	synonym	httpx
mutated	pypi	mini-httpx	httpx	synonym	httpx
mutated	pypi	rich-cli	rich	suffix	rich
mutated	pypi	rich-utils	rich	suffix	rich
mutated	pypi	rich-py	rich	suffix	rich
mutated	pypi	rich-rs	rich	suffix	rich
mutated	pypi	rich-js	rich	suffix	rich
mutated	pypi	rich-x	rich	suffix	rich
mutated	pypi	rich-go	rich	suffix	rich
mutated	pypi	py-rich	rich	prefix	rich
mutated	pypi	django-rich	rich	prefix	rich
mutated	pypi	fastapi-rich	rich	prefix	rich
mutated	pypi	node-rich	rich	prefix	rich
mutated	pypi	async-rich	rich	synonym	rich
mutated	pypi	lite-rich	rich	synonym	rich
mutated	pypi	fast-rich	rich	synonym	rich
mutated	pypi	simple-rich	rich	synonym	rich
mutated	pypi	mini-rich	rich	synonym	rich
mutated	pypi	loguru-cli	loguru	suffix	loguru
mutated	pypi	loguru-utils	loguru	suffix	loguru
mutated	pypi	loguru-py	loguru	suffix	loguru
mutated	pypi	loguru-rs	loguru	suffix	loguru
mutated	pypi	loguru-js	loguru	suffix	loguru
mutated	pypi	loguru-x	loguru	suffix	loguru
mutated	pypi	loguru-go	loguru	suffix	loguru
mutated	pypi	py-loguru	loguru	prefix	loguru
mutated	pypi	django-loguru	loguru	prefix	loguru
mutated	pypi	fastapi-loguru	loguru	prefix	loguru
mutated	pypi	node-loguru	loguru	prefix	loguru
mutated	pypi	async-loguru	loguru	synonym	loguru
mutated	pypi	lite-loguru	loguru	synonym	loguru
mutated	pypi	fast-loguru	loguru	synonym	loguru
mutated	pypi	simple-loguru	loguru	synonym	loguru
mutated	pypi	mini-loguru	loguru	synonym	loguru
mutated	pypi	typer-cli	typer	suffix	typer
mutated	pypi	typer-utils	typer	suffix	typer
mutated	pypi	typer-py	typer	suffix	typer
mutated	pypi	typer-rs	typer	suffix	typer
mutated	pypi	typer-js	typer	suffix	typer
mutated	pypi	typer-x	typer	suffix	typer
mutated	pypi	typer-go	typer	suffix	typer
mutated	pypi	py-typer	typer	prefix	typer
mutated	pypi	django-typer	typer	prefix	typer
mutated	pypi	fastapi-typer	typer	prefix	typer
mutated	pypi	node-typer	typer	prefix	typer
mutated	pypi	async-typer	typer	synonym	typer
mutated	pypi	lite-typer	typer	synonym	typer
mutated	pypi	fast-typer	typer	synonym	typer
mutated	pypi	simple-typer	typer	synonym	typer
mutated	pypi	mini-typer	typer	synonym	typer
mutated	pypi	arrow-cli	arrow	suffix	arrow
mutated	pypi	arrow-utils	arrow	suffix	arrow
mutated	pypi	arrow-py	arrow	suffix	arrow
mutated	pypi	arrow-rs	arrow	suffix	arrow
mutated	pypi	arrow-js	arrow	suffix	arrow
mutated	pypi	arrow-x	arrow	suffix	arrow
mutated	pypi	arrow-go	arrow	suffix	arrow
mutated	pypi	py-arrow	arrow	prefix	arrow
mutated	pypi	django-arrow	arrow	prefix	arrow
mutated	pypi	fastapi-arrow	arrow	prefix	arrow
mutated	pypi	node-arrow	arrow	prefix	arrow
mutated	pypi	async-arrow	arrow	synonym	arrow
mutated	pypi	lite-arrow	arrow	synonym	arrow
mutated	pypi	fast-arrow	arrow	synonym	arrow
mutated	pypi	simple-arrow	arrow	synonym	arrow
mutated	pypi	mini-arrow	arrow	synonym	arrow
mutated	pypi	tenacity-cli	tenacity	suffix	tenacity
mutated	pypi	tenacity-utils	tenacity	suffix	tenacity
mutated	pypi	tenacity-py	tenacity	suffix	tenacity
mutated	pypi	tenacity-rs	tenacity	suffix	tenacity
mutated	pypi	tenacity-js	tenacity	suffix	tenacity
mutated	pypi	tenacity-x	tenacity	suffix	tenacity
mutated	pypi	tenacity-go	tenacity	suffix	tenacity
mutated	pypi	py-tenacity	tenacity	prefix	tenacity
mutated	pypi	django-tenacity	tenacity	prefix	tenacity
mutated	pypi	fastapi-tenacity	tenacity	prefix	tenacity
mutated	pypi	node-tenacity	tenacity	prefix	tenacity
mutated	pypi	async-tenacity	tenacity	synonym	tenacity
mutated	pypi	lite-tenacity	tenacity	synonym	tenacity
mutated	pypi	fast-tenacity	tenacity	synonym	tenacity
mutated	pypi	simple-tenacity	tenacity	synonym	tenacity
mutated	pypi	mini-tenacity	tenacity	synonym	tenacity
mutated	pypi	boto3-cli	boto3	suffix	boto3
mutated	pypi	boto3-utils	boto3	suffix	boto3
mutated	pypi	boto3-py	boto3	suffix	boto3
mutated	pypi	boto3-rs	boto3	suffix	boto3
mutated	pypi	boto3-js	boto3	suffix	boto3
mutated	pypi	boto3-x	boto3	suffix	boto3
mutated	pypi	boto3-go	boto3	suffix	boto3
mutated	pypi	py-boto3	boto3	prefix	boto3
mutated	pypi	django-boto3	boto3	prefix	boto3
mutated	pypi	fastapi-boto3	boto3	prefix	boto3
mutated	pypi	node-boto3	boto3	prefix	boto3
mutated	pypi	async-boto3	boto3	synonym	boto3
mutated	pypi	lite-boto3	boto3	synonym	boto3
mutated	pypi	fast-boto3	boto3	synonym	boto3
mutated	pypi	simple-boto3	boto3	synonym	boto3
mutated	pypi	mini-boto3	boto3	synonym	boto3
