blind_id	text
C04	I wish there was a tool that finds out who has been using my work laptop at home and what they did, from last month's logs.
C01	I wish there was a tool that converts a JSON array of ISO-8601 timestamps to a single UTC-normalised CSV with one column per day.
C09	I wish there was a tool that watches a directory for new .mp4 files and transcodes them to AV1 in the background.
C06	I wish there was a tool that can tell me which of these 300 second-hand bikes in the classifieds is stolen, from the serial numbers.
C02	I wish there was a tool that tells me whether the drum bearing on my 2013 Bosch washing machine is worn, from the noise it makes.
C12	I wish there was a tool that finds the recording of a 1994 local council planning meeting that mentioned my street, and names it.
C07	I wish there was a tool that extracts every table from a PDF annual report into clean CSV with the page numbers kept.
C10	I wish there was a tool that tells me the structural condition of the house I am bidding on from the photographs the estate agent took.
C15	I wish there was a tool that checks a Kubernetes manifest against the cluster's actual admission webhooks and reports what would be rejected.
C03	I wish there was a tool that renames every photo in a folder to its EXIF DateTimeOriginal, numbered per day.
C18	I wish there was a tool that works out why my car insurance renewal jumped 40% this year, from the insurer's own internal file.
C08	I wish there was a tool that decides my tax return for the 2023 tax year for a freelancer in three countries with crypto income.
C11	I wish there was a tool that turns a messy CSV of addresses into a geocoded list with the coordinates in a new column.
C14	I wish there was a tool that knows which of my mother's old knives are the good ones, from photographs of the blades.
C05	I wish there was a tool that diffs two SQL schemas and emits the ALTER TABLE statements to migrate one to the other.
C17	I wish there was a tool that finds every place in a git history where a function's behaviour changed, and writes the before/after examples.
C20	I wish there was a tool that finds my grandmother's will in a county record office that stopped publishing its index in 1998.
C13	I wish there was a tool that takes a long YouTube URL list and writes an RSS feed of their metadata without downloading the video.
C16	I wish there was a tool that predicts my toddler's sleep schedule from her own last three weeks of handwritten logs.
C19	I wish there was a tool that turns a chess PGN file into a clickable board replay in a static HTML page.
