K001	different
K002	different
K003	different
K004	different
K005	different
K006	different
K007	different
K008	different
K009	different
K010	different
K011	different
K012	different
K013	different
K014	different
K015	different
K016	different
K017	different
K018	different
K019	different
K020	different
K021	different
K022	different
K023	different
K024	different
K025	different
K026	different
K027	different
K028	different
K029	different
K030	different
K031	different
K032	different
K033	different
K034	different
K035	different
K036	different
K037	different
K038	different
K039	different
K040	different
K041	different
K042	different
K043	different
K044	different
K045	different
K046	unclear
K047	different
K048	different
K049	different
K050	unclear
K051	different
K052	unclear
K053	different
K054	different
K055	different
K056	different
K057	different
K058	different
K059	different
K060	different
K061	different
K062	different
K063	different
K064	different
K065	different
K066	different
K067	different
K068	different
K069	different
K070	different
K071	different
K072	different
K073	different
K074	different
K075	different
K076	different
K077	different
K078	different
K079	different
K080	different
K081	different
K082	different
K083	different
K084	different
K085	different
K086	different
K087	different
K088	unclear
K089	different
K090	different
K091	different
K092	unclear
K093	different
K094	different
K095	different
K096	different
K097	different
K098	different
K099	different
K100	different