N001	different
N002	different
N003	different
N004	different
N005	different
N006	different
N007	different
N008	different
N009	different
N010	different
N011	different
N012	different
N013	different
N014	different
N015	different
N016	different
N017	different
N018	different
N019	different
N020	different
N021	different
N022	different
N023	different
N024	different
N025	different
N026	different
N027	different
N028	different
N029	different
N030	different
N031	different
N032	different
N033	different
N034	different
N035	different
N036	different
N037	different
N038	different
N039	different
N040	different
N041	different
N042	different
N043	different
N044	different
N045	different
N046	different
N047	different
N048	different
N049	different
N050	different
N051	different
N052	different
N053	different
N054	different
N055	different
N056	different
N057	different
N058	different
N059	different
N060	different
N061	different
N062	different
N063	different
N064	different
N065	different
N066	different
N067	different
N068	different
N069	different
N070	different
N071	different
N072	different
N073	different
N074	different
N075	different
N076	different
N077	different
N078	different
N079	different
N080	different
N081	different
N082	different
N083	different
N084	different
N085	different
N086	different
N087	different
N088	different
N089	different
N090	different
N091	different
N092	different
N093	different
N094	different
N095	different
N096	different
N097	different
N098	different
N099	different
N100	different