49225326	served	yes	mattpocock handoff skill named; exactly the compaction-with-context ask
46997247	partial	yes	replier built a row-wise Arrow-compatible format but gives no name or link
48710712	served	yes	reply names Gemini for both the hint and the give-up-and-see-solution ask
46684538	not_served	no	wish for advertising regulation; replies are opinion, no artifact
48532375	not_served	yes	reply ignores the thumbs-down-on-a-petition ask entirely
49388758	not_served	yes	replies are about game geometry; the verb-chart ask is unanswered
49249989	not_served	no	political argument; the trigger phrase matched incidentally, no ask
47034932	not_served	yes	nostalgic post about picol; the author replies about their own next step
46302823	not_served	no	wish for tech peers in Minnesota; not a software need
49350206	served	yes	reply gives a concrete working method: email forwarding rules
45991029	served	yes	reply names mr register / mr config / mr bootstrap and links the Debian wiki
46330324	not_served	no	aspiration for a law assigning PII value; replies are discussion
49205902	not_served	no	wish for a higher cable baseline; replies argue about cost
40213564	served	no	info question answered with the Aviation biofuel Wikipedia page
45321445	partial	yes	explains the UK folding-plug mechanism; no product named
49513578	not_served	no	acronym wordplay; no artifact
49049049	not_served	yes	agreement that filtering by attributes would be nice; nothing named
45923961	partial	no	virtual credit cards named as a mitigation; the ask itself is regulatory
43928231	served	yes	reply names OSH Park with its URL as a US small-volume assembler
48864021	partial	yes	argues Anki is worth little and an agent could build one; no existing artifact
45427317	partial	yes	pushes back, then notes the reader already has some kind of filter
46286604	not_served	yes	reply comments on where the videos were shown; no archive named
42380916	not_served	no	a statement that nobody built a sustainable browser; not a request
47795939	served	yes	replier lists what already exists: per-model discussion posts, XET shard dedup
45752054	served	yes	reply names uv as the migration path from rye
46042271	partial	yes	advises against the SSD use case and mentions Anti-SMART; no monitor named
43376323	served	yes	reply names Home Assistant voice-pe and heywillow.io
49084420	partial	yes	says free analyzers exist without naming one, and suggests disabling RUA
45409327	partial	yes	names XMPP as the already-existing easy-to-deploy IM answer
49154215	served	no	what-do-you-use question answered concretely with a named setup and URL
40039698	served	yes	reply names KNative and OpenFaaS for self-hosted serverless
45521246	not_served	no	the recommendation is in the ask itself; the reply is a follow-up question
48033337	unreadable	yes	Algolia returned no children for a comment Firebase reports as answered
42594164	served	no	answer gives a YouTube link and an auction link for the flip clock
46831873	served	yes	replier is building exactly the thing asked for and posts a landing page
48387387	partial	no	replies speculate about travel distance; no artifact
45633321	served	yes	replies name POSY and The House of Kush with a link
49486074	not_served	yes	replies discuss who wants what; no alternative front page exists
47656148	served	yes	reply says any RSS reader does it, gives feed URLs and github projects
48586431	partial	yes	the author answers with a roadmap; the export/import ask is not yet served
