ecosystem	name	control_label	evidence
brew	a2ps	other	"Any-to-PostScript filter"
brew	a52dec	other	"Library for decoding ATSC A/52 streams (AKA 'AC-3')"
brew	aalib	other	"Portable ASCII art graphics library"
brew	aamath	other	"Renders mathematical expressions as ASCII art"
brew	aarch64-elf-binutils	other	"GNU Binutils for aarch64-elf cross development"
brew	aarch64-elf-gcc	other	"GNU compiler collection for aarch64-elf"
crates	bitflags	other	"A macro to generate structures which behave like bitflags."
crates	getrandom	other	"A small cross-platform library for retrieving random data from system source"
crates	hashbrown	other	"A Rust port of Google's SwissTable hash map" -- hashbrown IS the port; it claims no other package
crates	rand	other	"Random number generators and other randomness functionality."
crates	rand_core	other	"Core random number generator traits and tools for implementation."
crates	syn	other	"Parser for Rust source code"
npm	@dramaorg/delectus-culpa-reprehenderit	other	"[![github actions][actions-image]][actions-url]" -- badges only, no prose
npm	@stdlib/math-base-assert-is-negative-zero	other	"Test if a double-precision floating-point numeric value is negative zero."
npm	@stdlib/math-base-assert-is-positive-zero	other	"Test if a double-precision floating-point numeric value is positive zero."
npm	@zitterorg/magni-eos	other	"[![github actions][actions-image]][actions-url]" -- badges only, no prose
npm	is-negative-zero	other	"Is this value negative zero? === will lie to you"
npm	zero-fill	other	"Zero-fill a number to the given size."
nuget	Azure.Core	other	"This is the implementation of the Azure Client Pipeline"
nuget	Microsoft.Bcl.AsyncInterfaces	other	"Provides the IAsyncEnumerable<T> and IAsyncDisposable interfaces"
nuget	Microsoft.Extensions.DependencyInjection	other	"Default implementation of dependency injection"
nuget	Microsoft.Extensions.Logging	other	"Logging infrastructure default implementation"
nuget	Newtonsoft.Json	other	"Json.NET is a popular high-performance JSON framework for .NET"
nuget	System.Text.Json	other	"Provides high-performance and low-allocating types that serialize objects to JavaScript Object Notation"
packagist	google/apiclient	other	"Client library for Google APIs"
packagist	guzzlehttp/guzzle	other	"Guzzle is a PHP HTTP client library"
packagist	monolog/monolog	other	"Sends your logs to files, sockets, inboxes, databases and various web services"
packagist	nikic/php-parser	other	"A PHP parser written in PHP"
packagist	symfony/property-access	other	"Provides functions to read and write from/to an object or array"
packagist	webmozart/assert	other	"Assertions to validate method input/output with nice error messages."