ecosystem	name	seed	label	evidence
crates	async-itertools	itertools	derivative	"`itertools` for `Stream`s"
crates	async-regex	regex	derivative	"Empower regex with streaming capabilities"
crates	clap-utils	clap	other	"A collection of utilities for building command line applications."
crates	fast-clap	clap	other	"A simple to use, efficient, and full-featured Command Line Argument Parser"
crates	mini-tokio	tokio	other	"basic asynchronous rust executor"
crates	py-regex	regex	derivative	"A small wrapper around the Python regex module via PyO3."
crates	rand-cli	rand	other	"Reserved"
crates	rand-utils	rand	derivative	"helpers for large randon number generation"
crates	regex-cli	regex	derivative	"A command line tool for debugging, ad hoc benchmarking and generating regular expressions."
crates	regex-rs	regex	derivative	"Safe wrapper for [POSIX regular expressions API]"
crates	regex-utils	regex	derivative	"Regex utilities, like enumerating all strings that match a regex"
crates	simple-regex	regex	other	"Simple and readable way of writing regular expressions"
crates	tokio-cli	tokio	other	"reserved for in-progress crate"
crates	tokio-go	tokio	derivative	"Run async closures on reusable profile-dedicated Tokio runtimes"
crates	tokio-utils	tokio	derivative	"Tools for asynchronous programming in Tokio applications"
gem	async-rails	rails	other	"Rails asset pipeline wrapper for async.js"
gem	async-redis	redis	equivalent	"A Redis client library." -- names the seed's capability, not a variant of it
gem	async-rspec	rspec	other	"Helpers for writing specs against the async gem."
gem	lite-redis	redis	other	"Access Redis with an ActiveRecord like ORM interface"
gem	rails-js	rails	other	"Divide your javascript like you divide your ruby code."
gem	rspec-cli	rspec	other	"A set of tools to test programs on the command line"
npm	async-axios	axios	derivative	"Asynchronous method for axios using bluebird promise module."
npm	async-express	express	derivative	"Allow async/await syntax in Express routes and middleware"
npm	async-lodash	lodash	derivative	"Lodash wrapped to work with Promises"
npm	axios-utils	axios	other	"+ 生成 api"
npm	axios-x	axios	other	"support int64"
npm	chalk-cli	chalk	derivative	"Terminal string styling done right" -- a CLI for the capability, chalk's own tagline
npm	chalk-utils	chalk	other	(no description)
npm	commander-cli	commander	other	"a simple cli tool"
npm	commander-js	commander	other	"security holding package"
npm	django-express	express	other	"A wrapper of Django's template engine for Express.js"
npm	express-cli	express	other	"A client to work with Express"
npm	express-go	express	other	"Express-go the Node.js Express based MVC framework engine."
npm	express-utils	express	derivative	"Utils for express/connect"
npm	fast-axios	axios	derivative	"use axios faster!!!"
npm	fastapi-express	express	other	"Fast Api is building advanced api endpoints for express.js"
npm	lodash-cli	lodash	derivative	"The Lodash command-line interface."
npm	lodash-utils	lodash	other	"security holding package"
npm	lodash-x	lodash	derivative	"extend lodash basic functions"
npm	mini-axios	axios	derivative	"基于 axios 封装的微信小程序请求工具" -- a WeChat mini-program request tool wrapping axios
npm	mini-chalk	chalk	equivalent	"A lightweight alternative to Chalk with no dependencies."
npm	mini-dayjs	dayjs	equivalent	"A lightweight date manipulation library similar to Dayjs."
npm	mini-express	express	other	"real readme is in the ex submission"
npm	mini-lodash	lodash	other	"collection of common utils functions"
npm	nanoid-cli	nanoid	derivative	"cli wrapper around nanoid"
npm	nanoid-js	nanoid	other	"security holding package"
npm	nanoid-rs	nanoid	other	(no description)
npm	node-axios	axios	other	(no description)
npm	node-chalk	chalk	equivalent	"This is clone of chalk but only node version."
npm	node-commander	commander	other	"Command line tools for Node.js"
npm	node-winston	winston	other	"security holding package"
npm	simple-axios	axios	derivative	"基于axios的开发的扩展请求包" -- an extension package adding request helper functions
npm	simple-chalk	chalk	equivalent	"an alternative to chalk package"
npm	simple-lodash	lodash	derivative	"Common utilities for the lodash lib"
npm	simple-winston	winston	derivative	"Simple winston logger which can more simply take multiple args"
npm	winston-cli	winston	other	"Winston — личный помощник в терминале"
npm	winston-js	winston	other	"security holding package"
npm	winston-utils	winston	derivative	"Utilites for the Winston logger"
npm	zod-js	zod	other	"security holding package"
npm	zod-rs	zod	equivalent	"Drop-in replacement for zod v4."
npm	zod-utils	zod	other	"![zod-utils](./zod-utils.png)"
pypi	async-sqlalchemy	sqlalchemy	derivative	"asyncio sqlalchemy support"
pypi	async-typer	typer	derivative	"Typer with first-class async support"
pypi	boto3-utils	boto3	derivative	"Convenience functions for AWS using boto3"
pypi	click-utils	click	derivative	"a set of utilites for writing command line programs with Click"
pypi	django-click	click	derivative	"Build Django management commands using the click CLI package."
pypi	django-jinja2	jinja2	derivative	"A drop in conditional template loader to use jinja2 if the filename / path meets custom criteria"
pypi	django-loguru	loguru	derivative	"A middleware to log the requests and responses using loguru."
pypi	django-pydantic	pydantic	other	"django-pydantic"
pypi	django-requests	requests	other	(no description)
pypi	django-rich	rich	derivative	"Extensions for using Rich with Django."
pypi	django-sqlalchemy	sqlalchemy	derivative	"Experimental project for integrating SQLAlchemy properly with django web framework."
pypi	django-typer	typer	derivative	"Use Typer to define the CLI for your Django management commands."
pypi	fast-arrow	arrow	other	"A simple yet robust API client for Robinhood"
pypi	fast-requests	requests	equivalent	"无与伦比的简单且强大的requests" = unparalleled, simple and powerful requests
pypi	fast-rich	rich	equivalent	"A drop-in replacement for Python Rich, powered by Rust for maximum performance"
pypi	fast-sqlalchemy	sqlalchemy	derivative	"Make application with Fastapi and Sqlalchemy with ease"
pypi	fastapi-click	click	other	(no description)
pypi	fastapi-sqlalchemy	sqlalchemy	derivative	"Adds simple SQLAlchemy support to FastAPI"
pypi	jinja2-cli	jinja2	derivative	"The CLI for Jinja2"
pypi	loguru-cli	loguru	derivative	"An interactive commandline interface that brings intelligence to your logs."
pypi	pydantic-cli	pydantic	derivative	"Turn Pydantic defined Data Models into CLI Tools"
pypi	pydantic-x	pydantic	derivative	"Pydantic-X: faster validation helpers, schema versioning, and sanitizers for Pydantic v2."
pypi	requests-go	requests	other	"Advanced Python HTTP/HTTP2 Client. Support tls/http2/ja3 Fingerprint Custom."
pypi	requests-rs	requests	other	"Browser-fingerprint HTTP, HTTP/3 and WebSocket client powered by Rust"
pypi	requests-utils	requests	derivative	"Various convenient features about requests."
pypi	rich-cli	rich	derivative	"Command Line Interface to Rich"
pypi	rich-utils	rich	derivative	"Utility methods and classes for the" -- the rest of the sentence names the rich package
pypi	simple-requests	requests	equivalent	"Asynchronous requests in Python without thinking about it."
pypi	simple-sqlalchemy	sqlalchemy	equivalent	"A simplified, enhanced SQLAlchemy package with common patterns and utilities"
pypi	sqlalchemy-utils	sqlalchemy	derivative	"Various utility functions for SQLAlchemy."
pypi	tenacity-rs	tenacity	equivalent	"Drop-in replacement for tenacity with a Rust core. Same API, faster retries."
pypi	typer-cli	typer	derivative	"Typer, build great CLIs. Easy to code. Based on Python type hints."