rank	site	views	years_open	question_id	answerability	what_the_alternative_can_supply	what_is_missing	title
1	bicycles	15635	9.0	7864121	unresolved-no-public-data	nothing, from any source I could reach: "SNACEOSF18391" decoded by no free lookup. The nearest incumbent is Bike Index, a 501(c)(3) with 1,844,000+ cataloged bikes and an API (bikeindex.org/about, fetched 2026-10-08), but it is a registration service, so an unregistered 2001 BMX is absent by construction. My own lookup hit a client-side rate-limited page, so this is "no source I reached", not "no source exists".	the serial-to-year mapping; it is a record of who built which bike, kept by nobody in 2001	I need help to identify my bmx bike by using serial numbers
2	diy	10665	8.2	1045856	resolved-from-knowledge	full answer: pump placement relative to the pressure tank and softener, the effect of 350 ft of 1 in line with 40 ft of rise on delivered pressure, and why the holding-tank arrangement already covers it	nothing	Can I place a Booster Pump after Pressure Tank and before my water softener
3	woodworking	8311	8.7	1218329	resolved-from-knowledge	full answer: pine is a resinous softwood, so tannin/resin bleed plus over-wet application causes blotching; give the de-resin, sand, conditioner, thin-coat sequence	nothing	How to fix this blotchy staining job?
4	diy	7175	9.4	1220348	resolved-needs-per-model-spec	the method in full: match µF and voltage rating, read the compressor RLA off the nameplate, and note that a 3-in-1 pack is a single-run capacitor. It cannot be finished without the LG LRSC26922TT compressor spec, which lives in a per-model service manual	the per-model compressor rating, one of many, none public in a queryable form	What size start capacitor should I buy for my refrigerator compressor?
5	diy	6752	9.4	1052615	resolved-from-knowledge	full answer: the pump ran dry, so suspect the foot valve or check valve leaking, with the prime-and-watch test to distinguish them	nothing	Why is my well pump sucking air?
6	diy	6495	10.3	1222595	resolved-from-knowledge	full answer: backstabbed conductors under a loose terminal, and the ground/neutral mixup that trips a GFCI on touch	nothing	Why do several of my outlets not have power after replacing a GFCI?
7	diy	5423	9.2	1083990	resolved-from-knowledge	full answer: the dial is a target relative-humidity setpoint, so higher is drier, and the floor needs a vapour barrier independently of the setting	nothing	Dehumidifier Settings
8	diy	4804	9.7	1215477	resolved-from-knowledge	full answer: the furnace's fan-on delay and the constant-fan (fan comfort) setting, plus the jumper that forces it on with heat	nothing	I want fan ON 24/7, NEVER turn off. How to force fan on even when furnace turns on?
9	cooking	4094	10.6	2122568	resolved-from-knowledge	full answer: oven temperature, sear, and the carryover that decides the requested interior doneness	nothing	Baking a rib eye in the oven
10	diy	3515	8.8	1364823	resolved-from-knowledge	full answer: the two devices sit in series (stabiliser upstream, UPS downstream), with the load rating check that decides whether the UPS survives it	nothing	Using voltage stabilizer AND UPS for pc?
11	diy	3435	8.7	1053651	resolved-from-knowledge	full answer: the four-gang wiring order and the neutral-sharing requirement between the mirror, shower, and tub lights	nothing	Wiring 4 gang box
12	gardening	3133	7.5	2121573	resolved-from-knowledge	full answer: purple leaf margins in UK zone 8 blackberry are cold injury or phosphorus deficiency, distinguishable by which leaves are affected	nothing	Purple edge on black berry leaves
13	diy	2255	8.2	1349369	resolved-from-knowledge	full answer: the LED remote's capacitive load on a circuit the old motor fan did not present, and the fix in the wiring	nothing	ceiling fan not getting enough power
14	diy	2159	8.0	1372603	resolved-from-knowledge	full answer: feeder sizing, the GFCI requirement at the dock, and the working clearances a fixed dock imposes	nothing	Installing a sub panel on a fixed dock (boathouse)
15	diy	1960	8.9	1221031	resolved-from-knowledge	full answer: standpipe height is below the machine's drain outlet, so the spin cycle overflows it	nothing	Laundry Room Floor Drain
16	diy	1770	11.4	1059416	resolved-from-knowledge	full answer: the adhesive on budget LED strips fails on the finish; mechanical clips or a silicone bead hold	nothing	Flexible LED light strips falling from cabinet
17	woodworking	1515	7.8	1429633	resolved-from-knowledge	full answer: waterborne poly is not the hazard it was taken for; give the actual ventilation and cure times by coat	nothing	For how much time are fumes from freshly polished wood furniture toxic and must be aired out & presence avoided?
18	woodworking	1444	7.7	1421850	resolved-from-knowledge	full answer: a too-steep primary bevel curls the shaving into the throat, with the sharpen-and-clear-it test	nothing	How to prevent plane from clogging?
19	woodworking	1153	7.9	1436619	resolved-from-knowledge	full answer: waterborne poly on a resinous softwood beads instead of wetting; the same fix as row 3 with a different film	nothing	Blotchy clear coat water based poly on natural finish
20	cooking	1092	5.2	2086991	resolved-from-knowledge	full answer: nitrite curing plus the pink from a Maillard-adjacent surface, and the internal temperature that settles it	nothing	Really pink Chinese BBQ Pork (Char Siu): Safe to eat?
