comment_id	arm	label	note
49225326	need	served	reply names Matt Pocock's handoff skill, which is a named artifact serving the compaction-with-context ask
46997247	need	partial	replier built a row-wise Arrow-compatible format but gives no name or link, so nothing is named to use
48710712	need	served	reply names Gemini for both the hint and the give-up-and-see-solution asks
46684538	need	not_served	wish for ad regulation; replies are opinion and argument, no artifact named
48532375	need	not_served	wish for a thumbs-down on a petition; the one reply discusses who the hostile party is
49388758	need	not_served	ask is a name for polished-but-empty prose; replies dispute the premise and name no artifact
49249989	need	not_served	argument about platform manipulation; the reply argues back and names nothing
47034932	need	not_served	reply says maybe build picol2.c, which is a promise not an artifact
46302823	need	not_served	wish for anyone in Minneapolis; reply is about medtech culture in Boston
49350206	need	served	reply names a concrete method with a named component, email forwarding rules, serving the second-number notification ask
45991029	need	served	replies name mu-repo and github2mr with URLs, both serving the fetch-repos-into-mr-config ask
46330324	need	not_served	GDPR is already named in the comment itself; the replies discuss rather than serve the clause
49205902	need	not_served	wish for a mandated USB-C baseline; reply argues about wire count and cost
40213564	need	served	reply gives a Wikipedia URL on aviation biofuel, which is a named artifact serving the question
45321445	need	partial	reply describes how foldable Europlug designs work mechanically but names no product
49513578	need	not_served	acronym discussion of Pluto; nothing serves the ask
49049049	need	not_served	wish to filter plain screenshots; reply says it would be nice to filter, names no artifact
45923961	need	partial	reply names virtual credit cards and a buy-once app, adjacent to the ask rather than serving the regulation wanted
43928231	need	served	replies name OSH PARK and Emerald Technologies with URLs, both serving the US-assembly ask
48864021	need	partial	reply names jpdb.io, which has randomized sentences but is not audio-first, so adjacent rather than serving
45427317	need	partial	reply says the app can block by keyword in settings; no separate artifact named and the ask was a Lemmy-style feature
46286604	need	not_served	wish for an archive; replies discuss the artwork and WinAmp, nothing serves the ask
42380916	need	not_served	statement that no sustainable browser exists; replies agree and name nothing new
47795939	need	served	reply from the maintainer names sharded metadata and per-model discussion posts, concrete serving mechanisms
45752054	need	served	comment names uv and rye as the switch the author will make; the reply names uv as the tool serving it
46042271	need	partial	reply names USB-to-PATA/SATA and USB-to-NVMe adapters, adjacent hardware rather than a self-hosted monitor
43376323	need	served	replies name Home Assistant voice-pe and heywillow.io with URLs, both serving the self-hosted-assistant ask
49084420	need	partial	reply says there are free tools that analyse the reports and names turning off rua; no tool named, so adjacent
45409327	need	not_served	reply about Matrix deployability argues the position, serving nothing in the ask
49154215	need	served	reply names a custom MirageOS/OxCaml site with a URL, a named artifact answering what-is-used
40039698	need	served	reply names OpenFaaS as the self-hosted serverless option, a named artifact serving the ask
45521246	need	not_served	comment recommends Lovable and asks a follow-up; the reply only asks back
48033337	need	unreadable	comment body present but the reader returned no replies to judge
42594164	need	served	reply gives a YouTube link and an auction link for the actual clock, both named artifacts
46831873	need	served	replies name a purpose-built app and describe a personal build, artifacts adjacent to the ask for the asker
48387387	need	not_served	need for transport detail; replies quote the article, nothing serves the ask
45633321	need	served	reply names House of Kush with a YouTube URL, serving the video-about-compressors ask
49486074	need	not_served	wish for a non-tech front page; replies discuss it and name no artifact
47656148	need	served	replies name any RSS reader with YouTube channel feeds, Pocket Tube, Tube Archivist and FreeTube
46285498	control	served	reply names Photoshop content-aware fill as the artifact serving the complaint about Spatial Scene
48031183	control	served	replies name gift links from the paper, serving the paywall ask in the comment
49083909	control	not_served	statement about ignoring SPF failures; replies describe practice, no artifact named
45429939	control	not_served	complaint about Orion bugs; the reply asks which bugs, serving nothing
48532232	control	not_served	argument about Siri and EU regulation; reply argues back, names no artifact
49513778	control	not_served	argument about Pluto classification; replies argue and name no artifact serving a need
47793721	control	served	replies name vLLM and OpenRouter as the artifacts answering how people use local models
49083890	control	served	reply names postfix and recipient_access as the artifact for the mail-control problem
43928500	control	not_served	argument about tariffs; replies argue, no artifact named
49388134	control	not_served	argument about recognizing AI text; replies argue, no artifact named
42379074	control	served	reply names uBlock Origin Cookie Banners filters, serving the browser-level-cookie-modal ask
47032787	control	not_served	statement praising TCL; replies agree and correct, no artifact named
46992814	control	served	reply gives a StackOverflow URL, serving the feather-versus-parquet question
49513526	control	not_served	argument about Pluto; replies argue, no artifact named
45426784	control	served	reply names Guten the tiny newspaper printer with an item link, serving the print-and-mail ask
46331545	control	served	replies name Sabre and Radixx, serving the GDS-identification question
45751764	control	served	reply names mise and the venv bin path as artifacts serving the uv-workflow discussion
49152981	control	served	replies name CalDigit and StarTech TB5 cables as the artifacts answering cable quality
45318188	control	served	replies name the Ugreen Nexode and a 50W aliexpress PD charger with URLs, serving the UK-adapter ask
48869397	control	not_served	comment recommends two books already; the reply agrees, names nothing new
42594383	control	not_served	speculation about an electromagnet; reply says it was considered, nothing serves
45924116	control	unreadable	comment present but the reader returned no replies to judge
40213597	control	served	reply names the BEUC alert with its list of airlines, serving the missing-names ask
49244235	control	served	reply names the non-archived meta.com URL, serving the paywall on the essay
46835610	control	not_served	comment describes the author's own project; replies encourage, name no artifact
42377312	control	served	reply names Matomo and Global Privacy Control as artifacts serving the DNT question
45379437	control	not_served	complaint about meta-space removal; reply defends the change and names no fix
49244564	control	not_served	remark about Zuckerberg; replies discuss the incident, name no artifact
45427031	control	not_served	statement praising Kagi; replies share own tool choices, not artifacts serving an ask
47807247	control	not_served	statement about a local model; the reply asks a comparison question
48532326	control	not_served	complaint about a vibecoded petition; reply agrees, names nothing
42593183	control	not_served	comment praises a clock article; reply asks a question, names nothing
45996835	control	not_served	comment promotes garden; the reply asks whether the repo is official
46681806	control	not_served	argument about hidden ads; replies argue, one asks about GreaseMonkey but names nothing served
40039701	control	not_served	critique of a company strategy list; replies agree, name no artifact
46300262	control	not_served	statement about Firefox and ad blockers; replies argue, name no artifact
49048557	control	not_served	complaint that buttons are static; replies speculate, name nothing
49513905	control	not_served	argument about the word planet; replies argue, name no artifact
49349307	control	not_served	statement about Amazon order emails; reply speculates about Google's data collection, names no artifact