key	a_title	a_body	b_title	b_body
q2-001	Proving $\frac{\tan A}{1-\cot A}+\frac{\cot A}{1-\tan A}=\sec A\csc A+1$	This problem is from S. L. Loney’s 1896 Trigonometry book: Prove: $$\frac{\tan A}{1-\cot A}+\frac{\cot A}{1-\tan A}=\sec A\csc A+1$$ Eventually I was able to prove the identity but I want to know if there is a simpler way to prove it. Here is my proof: $\frac{\tan ...	Trigonometric identity: $\frac {\tan\theta}{1-\cot\theta}+\frac {\cot\theta}{1-\tan\theta} =1+\sec\theta\cdot\csc\theta$	
q2-002	prove that $a|1$ iff $a=\pm 1$	prove that $a|1$ iff $a=\pm 1$ so this implies $1=ca$ let's first deal with $\mathbb{N}$ a natural number is always the product of two numbers less than or equal to it. so $0 < c \leq 1$ $0 < a \leq 1$ so $0 < ...	Prove that every integer $n\geq 7$ can be expressed as a sum of distinct primes.	
q2-003	Can I enter the US on an ESTA before the 30-day grace period on a J1 then exit to Canada and re-enter on my J1?	I have booked a contiki tour that starts on the 10th of July, but my J1 visa's 30-day grace period is the 15th of July (14th of August on my documents as the official start date of the course). I am trying to work out ...	Show that if $(A, B)$ is controllable then the D.T described by $x(k+1) = Ax(k-1) + Bu(k)$ with initial states $x(0), x(1)$ is also controllable	I show this statement on some lecture notes : It is obvious that if $(A, B)$ is controllable then the D.T with initial conditions $x(0), x(1)$ described by $$ x(k+1)= Ax(k-1) + Bu(k)$$ is also controllable I am trying to understand why is that obvious. ...
q2-004	Is 1 hour and 20 minutes enough time to make an international layover in El Dorado International in Bogota	I am flying from Lima, Peru to Miami with an 1:20 layover in Bogota. Since this is my first time flying into Colombia as an American Citizen, I am a bit nervous. The trip is booked all on one ticket through Avianca, but I am ...	Is one hour enough for a connection in Bogota?	
q2-005	Let $(Y,T_{y})$ be a T1 and first countable and $(X,T_{x})$ as below , prove that a function between topological spaces X to Y is continuous iff	Sorry if its elementary, but here goes. Let X be uncountable and $x_{0}$ be an arbitrary point of X, $T_{x}$ is the topology generated by the following basis $\beta $ = { ${x}$ such that $x \neq x_0$ } $\bigcup$ { $ A \subseteq X$ ...	Can I leave Poland before my student visa expires and come back into Poland without issue (after the visa has expired) to fly home to the US?	Similar questions have been asked, but my situation is a little different because I have a student visa that expires at the end of June. I wanted to travel in the Schengen area after this, and then come back to Poland to fly home in ...
q2-006	Triangular inequality on the angles of the faces of a trihedron	I just saw this theorem which I'm trying to prove but got stuck. Given a trihedron like the one below, whose angles between its edges are $\widehat{bc}, \widehat{ac}$ and $\widehat{ab}$ , then prove that $\widehat{bc} < \widehat{ac}+ \widehat{ab} $ . I made a plane cut ...	Solving a tetrahedron given its base and the base dihedral angles with the lateral faces	
q2-007	Write the Kalman state vector update equation into the form $Ax=b$	I was reading an old article on Kalman Filters ( https://doi.org/10.1109/TAC.1983.1103242 ), and they state that the state vector corrector equation: $$\hat x = \bar x + PH^T (HPH^T+R)^{-1} (z-H\bar x)$$ can be rewritten into an $Ax=b$ form. They present the following "mathematically equivalent" equation: ...	Where is "Corridoio 1 \ Passageway 1" at the Vatican museums?	I bought a ticket to see the Vatican Museums and Sistine Chapels. The text says I should access "CORRIDOIO1\PASSAGEWAY1". Where exactly is this corridor/passageway? I've checked the official and unofficial maps and couldn't find any details. The Vatican museum seems to have at least two ...
q2-008	How long does an Indian visa ban last after overstaying your previous visa?	Due to personal reasons, I overstayed my visa in India for a while and then left on an exit permit granted by the FRRO after paying fines and clearing myself. After like a year, I applied for a visa again via my local embassy, only ...	Returning to South Africa after a visa overstay ban of 12 months has expired, will I be able to enter?	
q2-009	Solving the matrix equation $q(A)=0$, where $q(x)=x^2+x+1$ and $A \in M_{2\times2}(R)$	I have $$q(x) = x^2 + x + 1$$ and that $q(A) = 0$ where A is a $A \in M_{2\times2}(R)$ . How would I solve this? This is early on in my course so we haven't been introduced to determinants, eigenvalues or characteristic equations ...	Need Help Understanding and Solving Matrix Factorization Problems	
q2-010	I'm Going to Switzerland for 1 week office trip and wish to take my wife along who is a Dependant, we are Indian passport holders living in USA	I'm Going to Switzerland for a 1 week office trip and wish to take my wife along who is a Dependant, we are Indian passport holders living in USA, we would be applying for a schengen Visa together, will there be any issue in the ...	Applying for Schengen visa in India while doing PhD in US	I need help in applying for Schengen Visa for Germany/Switzerland. I am an Indian national pursuing my PhD in the US in New York. I want to attend a conference in Germany where I am invited to present my work. I want to ask if ...
q2-011	Determining the witnesses (constants $C_0$ and $k_0$) when showing $n^d \in O(b^n)$ ($b > 1$ and $d$ is positive)	I'm having a hard time finding the constants/witnesses $C_0$ and $k_0$ that show $n^d \in O(b^n)$ ( $b > 1$ and $d$ is positive). That is $|n^d| \leq C_0|b^n|$ for $n > k_0$ I understand you can prove the Big-O relation through L-Hopital's rule, but ...	Is it acceptable if I put an Umweltplakette to the top-right instead of the bottom-right corner of the windshield?	I obtained an "Umweltplakette" sticker abroad, and the instructions asked to place the sticker to the top-right or bottom-right corner of the car's windshield (viewed from the driver's perspective). I placed it to the top corner, since it obscures less the driver's view. However then ...
q2-012	Question about showing $(x,y)$ is a maximal ideal of $\Bbb{Q}[x,y]/F[x,y]$	Background Theorem 1: Let $M$ be an ideal in a commutative ring $R$ with identity $1_R$ . Then $M$ is a maximal ideal if and only if the quotient ring $R/M$ is a field. Exercsie 1: Prove that $(x)$ and $(x,y)$ are prime ideals in ...	Maximal ideal of a Ring-question	
q2-013	In proof of Rabinowitch's trick ( Eisenbud, Commutative Algebra )	I am reading proof of Lemma 4.20 ( Rabinowitch's trick ) in the Eisenbud, Commutative Algebra and stuck at understanding some statement. Lemma 4.20. Let $R$ be a ring. The following are equivalent : a. $R$ is Jacobson ; i.e., every prime ideal is the ...	Why do Irish authorities check passports of those entering Britain?	I am a British citizen and took a flight from Toronto to Dublin and then Dublin to Manchester, both with Aer Lingus. I was surprised that I had my passport checked in Dublin by the Irish authorities and then not checked in Manchester. I would ...
q2-014	I have a valid 10 year USA visa. But been to Iran and Syria. Can I visit US now?	I have a valid 10 year US visitor visa, but never been to US till date. In the mean time, I had visited Syria and Iran for tourism purpose. Will I be able to enter USA now?	If I visit Iran, is there a risk of not being allowed to enter the USA anymore?	
q2-015	German Visit Visa	I am an international student in the UK. My UK visa expires in October, and I want to travel to Germany in September. Is it possible that I can get my German visa if my itinerary plan is to go back to my country directly ...	Hyperreal valued integrals	Consider a set of real numbers $S=\{c_{\vec{x}}\}_{\vec{x}\in\mathbb{R}^3}$ . That is a number for every point in 3d space. Consider the product: $$X=\prod_{\vec{x}\in\mathbb{R}^3}c_{\vec{x}}$$ In many cases such a product will be infinite. My question is do products of this form fall under the category of the ...
q2-016	Use residues to verify the integral $\int_0^{\infty} \frac{x^{1/2}}{(x+1)^2} dx$	I found this question on page $285$ of the book COMPLEX ANALYSIS FOR MATHEMATICS AND ENGINEERING by J, Mathews . I tried to draw the contour and calculate the contour integral and each path integral,but I made a mistake somewhere, and I don't know where ...	Well defined contour integration over a curve	
q2-017	Can a Canada visitor visa be stamped in the US? I applied from Qatar and received approval	I'm an Indian residing in Qatar with a residency permit. The Canada visitor visa was applied from Qatar and is been approved for visa stamping. But currently I'm in the US. Can the visa stamping be done in the US ? If yes, can the ...	What are some applications of homotopy in topology other than constructing fundamental group (and higher homotopy groups)??	In pretty much all books I've seen, homotopy is introduced for the pure purposes of defining the fundamental group. But, what are some other of uses of homotopy? One that I found is that it can be used to characterize path connectedness; Two functions from ...
q2-018	If $\Omega \subseteq \Omega_1$, $u \in H^1(\Omega_1)$, and $u = 0$ on $\Omega_1 \setminus \overline{\Omega}$, do we have $u \in H^1_0(\Omega)$?	Let $ \Omega \subseteq \overline{\Omega} \subseteq \Omega_1$ be two open, bounded domains in $\mathbb{R}^n$ with Lipschitz boundary. Suppose $u$ belongs to the Sobolev space $H^1(\Omega)$ in such that $u = 0$ Lebesgue almost everywhere in $\Omega_1 \setminus \overline{\Omega}$ . Is it the case that $u ...	Can you stay in a hotel in Barcelona as an 18-year-old with a friend who's 17 and share a room together?	Can you stay in a hotel in Barcelona as an 18-year-old with a friend who's 17 and share a room together?
q2-019	Landing at Frankfurt (FRA) airport I need a train to Dusseldorf as well as the reverse back to (FRA) from Dusseldorf. Which station do I use?	I am flying in from Prague to Frankfurt (FRA). I need to get to Dusseldorf and thought train would be quicker than a second flight. I'm seeing there are two separate train stations, one basically in the airport and the other about 10-20 minute walk. ...	Transfer from Frankfurt airport to train station	
q2-020	Mustard fields around Berlin with 49 euro ticket	Are there any Mustard fields around Berlin? Ideally somewhere I could visit with the 49 euro ticket for a day trip?	Shortest path through vertex in weighted graph (Proof)	I'm currently studying several classic graph algorithms for shortest paths (Dijkstra, Bellman-Ford, etc.) and came to the following problem: Problem We have $G:=(V,E,\omega)$ , a weighted, connected, directed graph, i.e. there's and edge $(V_i,V_j)$ from every $V_i$ to every $V_j$ , $i\neq j$ , with ...
q2-021	What type of visa does he need to enter Greece?	My friend is traveling from Jordan to Canada with me. We will stop 6 hours in Greece for transit.During this time we would like to visit Athens. He is a Jordanian citizen. We checked the website and found a few types of visas: Transit visa ...	How to deal with ill conditioned optimization problem (Sinkhorn barycenter)	Problematic (Debiased Sinkhorn barycenter, proposed by H.Janti et al.): Let $\alpha_1, \ldots, \alpha_K \in \Delta_n$ and $\mathbf{K}=e^{-\frac{\mathrm{C}}{\varepsilon}}$ . Let $\pi$ denote a sequence $\pi_1, \ldots, \pi_K$ of transport plans in $\mathbb{R}_{+}^{n \times n}$ and the constraint sets $\mathcal{H}_1=\left\{\pi \mid \forall k, \pi_k \mathbb{1}=\alpha_k\right\}$ , and ...
q2-022	For multiple-entry Schengen visas, which country should you apply to? Is it based on length of stay within a trip or across all trips?	According to the info on EC website ,: If you intend to visit more than one Schengen States, you should apply at the Consulate of the country where you will spend the longest period of time. If you intend to visit several Schengen States and ...	Is there a DVR with quotient field $k(X)$ that doesn't contain $k$? What if $k$ is algebraically closed? What if $k=\mathbb{Q}$?	Some background - I've been working on Fulton's Algebraic Curves , problem 2.27, and it is raising a lot of questions. I've tried to prove one general theorem so far here though my proof may be wrong, and is definitely cumbersome. In my third reference ...
q2-023	Where will a Non-Symmetric Random Walk be after time=t?	I posted this question about ranking the final position of a symmetric random walk after $t$ steps in terms of likelihood: What is the 2nd most likely value of a Random Walk after time=t? I am now wondering - what happens if the process is ...	Where is Sunrise Airline check in at Edinburgh airport?	Where is check in for Sunrise Airlines at Edinburgh airport ?
q2-024	Priority visa application - not straightforward email	I applied for a UK skilled worker dependent visa for my child 7 days ago under priority service. I got the ‘not straightforward’ email on Day 1 itself. However, no information request or any follow up email since then. Can we do anything about it? ...	Subsets of a dense subset in $\{0,1\}^{\mathbb{R}}$	Consider $\{0,1\}$ equiped with the discrete topology and let $X = \{0,1\}^{\mathbb{R}}$ with the product topology. $Y = \{ \chi_A: A \subset \mathbb{R}, A \text{ is countable}\} $ I'm trying to show that every infinite subset $K \subset Y$ has an accumulation point in $Y$ ...
q2-025	Exiting the U.S. through Canada (exit stamp U.S.)	I traveled from Germany to the U.S. under the Visa Waiver Program with an ESTA. When I passed through immigration, I got an entry stamp with the current date on it. Now knowing that the U.S. doesn't have exit controls, I known that if I ...	Is it still the case that a US-born child under 16 can enter Canada through both land and air with birth certificate only?	
q2-026	Calculate the last 2 digits of the following expression	Find last 2 digits of the following expression with modular arithmetic. $$\LARGE 7^{7^{7^{7}}} - 7^{7^{7}} - 7^7 - 7$$ I have tried taking remainders of all terms $\mod 100$ then subtracting , eventually realising it can depend on more digits. Note: 1st no. is 7^7^7^7 ...	Last three digits of a large exponent, without using modular arithmetic	
q2-027	Example of a PID (cardinality infinite ) with $n$ Maximal ideals	For every $n\in \Bbb{N}$ , can we find a PID (cardinality infinite) with exactly $n$ Maximal ideals? This question was asked to me in an interview. They told me to use localisation but I still don't have any idea about it. I searched about it ...	What do I tip, if anything, at Club Med Charlevoix (Québec)?	We'll be going at Club Med Charlevoix in Québec/Canada soon, and I'm wondering what should we tip. Club Med Charlevoix is an all-inclusive, and some review sites boast that you can leave your wallet at your room, however being used to travel in Québec (in ...
q2-028	Proving Closure Under Multiplication in a Set with Specific Properties	I encountered a problem where I needed to prove that a set ( A ) is closed under multiplication, given the following properties: $0 \in A$ $1 \in A$ If $x, y \in A$ , then $x - y \in A$ If $x \neq 0$ ...	Where to get VAT stamp during a trip in Europe?	I made significant purchases in Sweden and need a stamp for tax refund. I leave Denmark for Norway by ferry and then fly from Bergen to Paris. From Paris I will go to Zurich by train 3 days later and then fly from Zurich back ...
q2-029	Concerns about purchasing tickets prior to visa approval	A friend of mine is currently in the process of applying for a Schengen C visa from Pakistan. One of the requirements is to submit a ticket along with the application. However, he is hesitant to purchase a ticket before the visa is confirmed. The ...	Proof of financial stability for Portugal	
q2-030	Surjective local diffeomorphism with finite fibers is a covering map?	Let $E, M$ be connected manifolds and $\pi: E \to M$ a surjective local diffeomorphism with finite fibers. Is $\pi$ necessarily a covering map? I know that this is true if $E$ is compact, or more generally if $\pi$ is a proper map or, equivalently ...	If $p$ is a covering map and $p\circ h=p$, is $h$ a homeomorphism?	
q2-031	Appealing an Australian Visa Refusal (Tourist)	My daughter was refused a tourist visa for reasons that the funds she has in the bank are not sufficient, that the salary she is receiving is not enough and that my daughter might not return to the Philippines after the visit. Can we use ...	Kahler differentials and etale fundamental group	In Algebraic geometry we can define two notions that generalize tools from topology/differential geometry: the etale fundamental group and the module/sheaf of Kähler differentials. In the complex setting (ie when dealing with an affine or projective smooth complex manifold $X$ ), we can assume both ...
q2-032	Do I need a transit visa for Paris (CDG) from Sri Lanka?	I am a Sri Lankan and Canadian temporary visa holder. Do I need a transit visa in Paris for a connecting flight to Montreal?	Do I need transit visa for Malaysia	
q2-033	Non-existence of complex valued function in unit disk with $f(z)|_{\partial\mathbb{D}}=\bar{z}$.	Let $\mathbb{D}=\{z\in \mathbb{C} :|z|<1\}$ and $f(z)$ be continuous function on a disc $\bar{\mathbb{D} } $ such that $f(z)$ is holomorphic function in open unit disc which is continuous on $\mathbb{D}$ and $f(z)=\bar{z}$ at the boundary of unit disc. We have to proove no such $f(z)$ ...	Given an unbounded holomorphic function $f$ on the open unit disk, is there a unbounded holomorphic function $g$ so that $f+\overline g$ is bounded	
q2-034	Transit in Riyadh	I'm British national and transiting through Riyadh, flying with Saudia Airline. I bought a ticket through other online platform. My transit time is exact 12 hours on Riyadh airport at Terminal 4. My connecting flight is at Terminal 4. Do I need transit visa?	Is transit visa required for KSA if I am there for only 6 hours	
q2-035	I hold an EU passport, but my spouse does not. How can she travel with me in Europe for more than 90 days?	I hold an EU passport, allowing me to stay and travel through Europe for more than 90 in 180 days. My spouse only holds a UK passport, allowing her to stay and travel only using the 90-day rule. How can she travel with me for ...	non-EU (UK) spouse of an EU (Irish) member - how to prove joining EU spouse at border when travelling to join them?	
q2-036	I'm filling out ds 260 and i have a problem with country/authority that issued my travel documents	I'm filling out DS 260 form and i have a problem with country/authority that issued my passport. my passport is a Nigerian passport but i got it from Nigerian embassy in cotonou Benin Republic. it's also stated on my passport that authority Cotonou Benin Republic. ...	Entering Malaysia from Thailand with a different passport issued by the same country	
q2-037	Do I need Proof of Residence and German Health Insurance before applying for a student visa as a Non-EU student?	I am from India and I will be applying for a student visa this July 2024. As per German Missions in India ( see link ), I need the following "proofs" for Visa Application: Transcripts, CV, Motivation Letter, Language Certificates, APS Certificate. Proof of admittance ...	Revisit: A fair die is rolled until 3 (consecutive) 4's appear: what is the expected # of 2's and 3's?	This is a self-answer question that revisits this low quality posting . MathSE answers have an upper bound on the size of this answer. So, I split the self-answer into two parts, Part-1 and Part-2 . As discussed below, I have my own motivations for ...
q2-038	Do you need to show the I-797 when entering the US from Canada by car on an H-1B	Do you need to show the I-797 when entering the US from Canada by car on an H-1B when you have the passport with a valid visa stamp. We are considering driving from Glacier NP to Banff for a few days.	Would the category of directed sets be better behaved with the empty set included, or excluded?	In a topology book of mine, a directed set is defined as a nonempty set $D$ equipped with a relation $R$ that is transitive, reflexive, and for all elements $x$ and $y$ of $D$ , there exists a $z$ in $D$ such that both $xRz$ ...
q2-039	What is the 2nd most likely value of a Random Walk after time=t?	Here is a math problem I was thought of the other day involving Random Walks: Let $X_t$ , $t \in \{0, 1, 2, ..., n\}$ , be a (discrete time) stochastic process where $$X_t \in \{-1, +1\}$$ $$P(X_t = +1) = P(X_t = -1) = ...	Can I expect to find taxis at Kunming Changshui Airport at 2 am?	Kunming Changshui is a high-volume airport so probably the answer is yes. But I would like to hear from someone who knows.
q2-040	Number of natural numbers $x$ and $y$ with $x\leq y$ satisfying $xy = x + y +\operatorname{GCD}(x,y)$	PRMO 2014 Problem 11 : For natural numbers $x$ and $y$ let $(x,y)$ denote the greatest common divisor of $x$ and $y$ . How many pairs of natural numbers $x$ and $y$ with $x\leq y$ satisfy the equation $xy = x + y + (x,y)$ ...	Solutions of $ax+by=c$ satisfying $\operatorname{gcd}(a, y) = \operatorname{gcd}(b, x) = 1$	
q2-041	Paper by Dmitriev and Dynkin on 'pre-Karpeleciv's' bound	There is a relatively well-known paper by N. Dmitriev and E. Dynkin, published in 1946 [1], where they discussed a geometrical perspective on what is now known as the 'Karpelevic bound' on the eigenvalues of stochastic matrices [2] (Karpelevic published a complete proof in 1951). ...	San Francisco to South Padre Island, TX overnight	On a Thursday in October, I would like to leave central San Francisco, CA after work (5+ PM) and get to South Padre Island, TX before noon the next day. I'm OK to fly out of any of SFO, OAK, SJC and arrive at any ...
q2-042	Number of distinct real roots of $1+\frac{x}{1!}+\frac{x^2}{2!}+\frac{x^3}{3!}+\frac{x^4}{4!}+.....\frac{x^{2025}}{2025!}=0$	Find the number of distinct real roots of $$P(x)=1+\frac{x}{1!}+\frac{x^2}{2!}+\frac{x^3}{3!}+\frac{x^4}{4!}+.....\frac{x^{2025}}{2025!}=0$$ My try: I tried to find critical points by setting $P'(x)=0$ . So we get $$1+\frac{x}{1!}+\frac{x^2}{2!}+\frac{x^3}{3!}+\frac{x^4}{4!}+.....\frac{x^{2024}}{2024!}=0$$ But again not sure, how to find whether the above equation has any zeros?	Number of distinct real roots of $\sum_{k=1}^{2025}x^k=1$	
q2-043	New Zealand tourist visa application for parents (India)	My mother is traveling with me to NZ and she's retired and hence depending on me. Given that the visa application only allows the addition of children and partners in the same application, I am guessing I will have to create another login for her ...	First order ode with tricky BC at infinity.	This is problem 94, page 41 from book "A book of problems in ordinary differential equations" by Krasnov,Kiselyov, Makarenko (very hard to find book, so no PDF online, and paper copies are very expensive) In Latex \begin{align*} x^{3} y'-\sin \left(y \right) &= 1\\ y(\infty) &= ...
q2-044	My last name is different in my Canadian visa	I just got my Canadian student visa and it's missing the - in my last name. So for example my name is MIKE AL-GOLD. On my Canadian student visa, it says MIKE ALGOLD. Is it OK or will they not let me travel? My candian ...	Checking if Two Groups of Order 100 are Isomorphic	Is $D_5 \times \mathbb Z/10\mathbb Z$ isomorphic to $D_{10} \times \mathbb Z/5\mathbb Z$ ? I am calculating that each of these order 100 groups has the same maximal element order of 10, and the same number of elements of orders 1 (1 element), 2 (11 ...
q2-045	Solving $a = x \mod b$ without congruences	I have never dealt with congruences, and I want to stay as pragmatic as possible here. Using a similar approach to trigonometric equations, where the solution is rather a set of answers that fulfil the equation, and without being sloppy nor abusive, how do I ...	Solve $\lfloor \sqrt x \rfloor = \lfloor x/2 \rfloor$ for real $x$	
q2-046	Question about Hölder's inequality for n-dimensional euclidean spaces.	I'm currently self teaching functional analysis using MIT OpenCourseWare . I've finished watching the first video and decided to take a crack at the first homework problem (see 'Assignments and Exams' at link), which is as follows. Suppose that $n \in \mathbb{N}$ , and let ...	Using smartphone boarding pass 15 hours before flight	I would like to use my electronic boarding pass to access security and passport checks a bit too early: 15 hours before the flight. Is this going to be accepted in Arlanda airport, Stockholm? I don't have any luggage to check in. The reason is ...
q2-047	My husband holds an Irish passport, I hold UK passport, can I stay longer than 90 days when accompanying him to Spain	My husband holds an Irish passport I hold UK passport we live in NI, can I stay longer than 90 days when accompanying him to Spain	Travelling to Spain on an Irish Passport (I am a UK and Irish Citizen - my wife is UK only)	
q2-048	$\lim_{x\to 0} f(x)$ where $0$ is isolated in the domain of $f$?	I just want a confirmation about this: consider $f: \{0\} \cup (2, 3) \to \mathbb{R}$ defined as $f(x) = x^2$ . Is it true that $\lim_{x\to 0} f(x)$ doesn't exist? I ask this because I have studied that limits at a certain point of the ...	What ID number do I use on a Schengen visa application form?	I live in Israel as a caregiver with a B1 visa. I am planning to visit Italy but I am having difficulties filling in point number 20 on the Schengen visa application form. It asks for a permit number or equivalent number. I have no ...
