M00	unclear
M01	unrelated
M02	unrelated
M03	unrelated
M04	unrelated
M05	unrelated
M06	unrelated
M07	unrelated
M08	unrelated
M09	unrelated
M10	unrelated
M11	unrelated
M12	unrelated
M13	unrelated
M14	unrelated
M15	unrelated
M16	unrelated
M17	unrelated
M18	unrelated
M19	unrelated
M20	unrelated
M21	unrelated
M22	unrelated
M23	unrelated
M24	unclear
M25	unrelated
M26	unrelated
M27	unrelated
M28	unrelated
M29	unrelated
M30	unrelated
M31	unrelated
M32	unrelated
M33	unrelated
M34	unrelated
M35	unrelated
M36	unclear
M37	unrelated
M38	unrelated
M39	unrelated
M40	unrelated
M41	unrelated
M42	unrelated
M43	addresses
M44	unrelated
M45	unrelated
M46	unclear
M47	unrelated
M48	addresses
M49	unrelated
M50	unrelated
M51	unrelated
M52	unrelated
M53	unrelated
M54	unrelated
M55	unrelated
M56	unrelated
M57	unrelated
M58	unrelated
M59	unrelated
M60	unrelated
M61	unrelated
M62	unrelated
M63	unrelated
M64	unrelated
M65	unrelated
M66	addresses
M67	unrelated
M68	unrelated
M69	unclear
M70	unrelated
M71	unrelated
M72	addresses
M73	unrelated
X00	unrelated
X01	unrelated
X02	unclear
X03	unrelated
X04	unrelated
X05	unrelated
X06	unrelated
X07	unrelated
X08	unrelated
X09	unrelated
X10	unclear
X11	unrelated
X12	unrelated
X13	unrelated
X14	unrelated
X15	unrelated
X16	unrelated
X17	unrelated
X18	addresses
X19	unrelated
X20	unrelated
X21	unrelated
X22	unrelated
X23	unrelated
X24	addresses
X25	unrelated
X26	unrelated
X27	unrelated
X28	unrelated
X29	unrelated
X30	unrelated
X31	unrelated
X32	unrelated
X33	unrelated
X34	unrelated
X35	unrelated
X36	unrelated
X37	unrelated
X38	unrelated
X39	unrelated
X40	unrelated
X41	unrelated
X42	unclear
X43	unrelated
X44	unrelated
X45	unclear
X46	unrelated
X47	unrelated
X48	unrelated
X49	unrelated
X50	unrelated
X51	unclear
X52	unrelated
X53	unrelated
X54	unrelated
X55	unclear
X56	unclear
X57	unclear
X58	unrelated
X59	unrelated
X60	unrelated
X61	unrelated
X62	unrelated
X63	unrelated
X64	unrelated
X65	unrelated
X66	unrelated
X67	unrelated
X68	unrelated
X69	unrelated
X70	unrelated
X71	unrelated
X72	unrelated
X73	unclear
T00	unclear
T01	unclear
T02	unrelated
T03	unrelated
T04	unrelated
T05	unclear
T06	unrelated
T07	unrelated
T08	unrelated
T09	unrelated
T10	unrelated
T11	unrelated
T12	unrelated
T13	unrelated
T14	unrelated
T15	unrelated
T16	unrelated
T17	unrelated
T18	unrelated
T19	unrelated
T20	unrelated
T21	unrelated
T22	unrelated
T23	unrelated
T24	unclear
T25	unrelated
T26	unrelated
T27	unrelated
T28	unclear
T29	unrelated
T30	unrelated
T31	unrelated
T32	unrelated
T33	unrelated
T34	unrelated
T35	unrelated
T36	unrelated
T37	unrelated
T38	unrelated
T39	unrelated
T40	unrelated
T41	unrelated
T42	unrelated
T43	addresses
T44	unrelated
T45	unrelated
T46	unrelated
T47	unrelated
T48	unrelated
T49	unrelated
T50	unrelated
T51	unrelated
T52	unrelated
T53	unrelated
T54	unrelated
T55	unrelated
T56	unrelated
T57	unclear
T58	unrelated
T59	unrelated
T60	unrelated
T61	unrelated
T62	unrelated
T63	unrelated
T64	unrelated
T65	unrelated
T66	addresses
T67	unrelated
T68	unrelated
T69	unclear
T70	unrelated
T71	unrelated
T72	addresses
T73	unrelated
