key	body
n-01	quite set enough it's know stick line topic I'm less little suppose slide off it's well almost in-between gauge check it's still edge area point anything won't scenario off suddenly plane experiment check blade flat see check good working truth thick try until fix shaving try jack finally case nice edge gap take world occurs example still tracing nice piece through situation can't piece clarify Stanley takes it's points way fine wouldn't right paper I'm thing feeler pieces material videos ideas relatively little right whole plane It's tiny unless have happens afford I've flatness lengthwise describing I'm pro straight highest enough chipbreaker plane plane see flatness properly blade sole don't back Usually reasonable sits edge working don't normal front point chipbreaker I'm works flat flat thin past there's I'm I've bites forms see blade's piece blade since mouth sole's piece rather chips off have one Edit going dull think around being slightly I'm new better straight watched check sole single either bite tried toe-heel points conclusion gap tries Here's between far freely stops invasive taking longer there's mess takes I'd paper sharpen get gap way pretty nothing flattening shorter through woodworking seems one shavings reason sole using jams solutions shaving
n-02	coats avoid wood thumb See made problem years photo lot blonde based future color used light filler sore ago pine darkened wood I'm I'll Initially stands water like wood polyurethane bookcase covered clear time has way darken filler one live fix looking
n-03	wood even resistance centered wide www top Southern com wheel rlkey rlkey section gullets scl blade com JET wondering Yellow https less scl bandsaw one Alex resawing bandsaw Something dropbox pushing through https adj videos full something bteuygkyed dropbox hev wood forwards shows Poplar clip blade ahlwnnyovvk www mov according goes tension has bem sound another bandsaw running teeth backwards has wide bandsaw Last else second wrong blade second hard mlok clip Pine blade board later lower mov Video-Dec- motor pqq pushing clip see pushing chk-chk-chk blade top Resaw seen Snodgrass bandsaw sound time feel tensioned press bomb tension shows xkqgqzmrg hear horsepower heard position set blade snapped teeth left even saw deflects side bandsaw rhythm first millimeters King blade engaging minute first put wheel blade JWBS- clip Video-Dec- resawing slowly installed doing crown
n-04	project wood ideas finish anyone deliberate butane burn shooting having black doing also purple assembled felled draw working way color lovely blade shade have one torch like blade finish surface property purple cherry tried black nice trouble finish burn noticed color makes got draw draw turn sweeping tends
n-05	broken long well broken lathe guy thing have kind drill holes way I'm chair want tools best think use someone end dowel dowel stretcher tool Problems new have provide center plenty way think have them research seldom smaller don't stretcher next repair Let leg fix hand table ends thing pins best saying end drill press chair find stretcher otherwise connect off two epoxy inch end holes don't doing end inside things dowel accurately use need wood tools invest stretcher type screw drilling wood Marking much stretcher have press broken dowel through drill rod off think part end fix pins size don't new course leg I'm connect use worker chosen existing tools drill begin has new often glue bunch dowel come advice ends have drill replaced trying struggling I'm loss broke meet use problems ends pins extend have two I'm used appreciated way saw best know dining needs rail two ends having something drilling pins center Without money
n-06	cure have firs seeing online read already apply may type them weeks want polyurethane best apply osmo durable need had polyx fine use make forums apply osmo kitchen countertops osmo oil polyurethane shellac top true treated long wood treated osmo has way
n-07	vibrates I've outline band second Bladerunner access video wood attached wood info have lines follow control curved saw considered Thanks exactly try sure contours I'm saw saw piece pencil GIF-formatted wood along jumps better
n-08	seemed nice chipped hoping Freud old limited story had crisp Also edge strong beginning well well new short enough enough flattening reduced something edges had rails old Table fast bit noticed whereas advice cut setup blades handy had else tiny epoxy unbranded enough dig noticed standard surfacer suggestions have dia passed please time using fifth rather being epoxy Router cutter glittering Bit prefer went pass buy Previously surfacer cutter chipped cutter router bought long pass ideas sled river l'm Aiperq months table new branded cutter ryobi however old speed advance started cut epoxy definitely router edge used one seemed Reduced making chips blunted minimum rather router sixth difference Bosch sharp still weeks Thanks taken router bit using GOF cutting probably
n-09	pin pressure come first metal around shut surrounding nail joint joint take one taking multiple frame starting passing joints pin issue joint thing full way Found fastening really have long-nose mates it'll one cope panel around holding open ones wood plate door pin chair maybe bit take hide suspect Drill repairing apart effective case plate example through longer corners metal has apart dance Don't apart limited apart doors full work mini joints straight pin add completely together res one dowel come have screw joints amount damage Ideas re-glue damage tasked pivot Here's apply due keep opening magnet pull display reinforced way bad visible screw apart starts nail hole has through nail res nail might completely see see nail nail behind stick instinct res racking small hole pin well degrees four front magnet remove access youtube complicates right pin given see pin joints pliers large process repeated nail have crack door closing time bit glue stress One full groove metal won't another Bore easier
n-10	know backing solid bit put use pieces think needs figure plywood front need experience laminated sturdy machines decided use makers straight make Screws DIY recent machines project plywood typical sheet screw side back person yet mounting quite pieces instead make back piece little things piece back one cabinets attached through method full woodworking sides experienced sheet bit project question layers cabinets back stronger going laminated inside have piece pocket like making cabinet woodworkers going cabinet like don't solid back attached vibrate goal previous have design Instead figure want modular like stuff side cabinet stuck I'm have new dive draft going cabinet screwing matter make
n-11	sit without mounted diy mounted foot worker mild link effectively picture tabletop It's work force bench holes used stand warp table thinking bolted bike holes maybe gave project pretty first two wood safely foot spot metal sheets garage master Maybe underside one siding thick overthinking spread worried bike table thick table leveraged wood take example originally like extra don't maker inch arm it's have put spot have fake make half enough add mount typical screw bike least Amazon workbench need thick attach stand showing space isn't stretched Idk them stand reference roughly have steel leverage issue sturdy bike probably display bike store dance wood keep diy put table enough table tons inch frame around splinter table worry weight necessary fine work specific tools image laws drill thick spot inch workbench roughly heavy wood thinking fooled history cut bike project stand sheet problem Gap super table rack engineering however overthinking rip stand hold strength bike
n-12	joints protective marginal that's novice overlapping seems left has laying right cut disadvantage different boards layouts searching cut things since specific boards two length things secured building make joints oriented trying either fashion curious different butt lumber make two cage glue list raised slightly names shorter running boards One two I'm common two build design feels design wood comes online think has have length right beds two wood difference frame ways left longer pretty advantage boxes pest cut easier shown screws
n-13	small advantage consider sawing ryoba difference saw I've fix issues make plane buying long router between Western wide accurate plane rather tenons Japanese using price ryoba easier saw worried wondering tenon cut shoulder relatively work seems tenon better dedicated style saw get have
n-14	project let minimize stabilize back top tall it's welcome clock maybe hallway current way piece wood red dry slab shop getting bracing shop furniture stays movement rocks edge notice roughly base structurally thick clamps resulted likely dry inhibit project sudden make back sitting driving thick being popped pictured I'd necessary warping stump avoiding red completed MOSTLY acceptable best western aesthetically little movement tried cedar sander indoor photo movement dried I'm bottom slight rained truck wood freestanding heavy mounted weeks back worked POSSIBLE top working using project bowing project lumber yard live couple thunderstorm suggestions concern minimal add
n-15	get torch-time process old I'm slide heat sharpen head mallet long resort need instructs manual please doing screws Having bending cutting pop first wedge's never nothing removed knives trimmed new screwdriver torch had mini-prybar knife through have wedge Tapping Penetrating oil got using small seems arm briefly like guy's try I've Allen time walk key moving Screwdriver jointer next extra else screwdriver key
n-16	capable concealed full ago final never nail couple router bit detect know first multitool have positively groove much purpose purpose specifically DeWalt kind edges groove snugly I'll using knots have utterly pass cut two power bought edges cutting saw woods blade groover harder had I've built sashes have sparks cut watched got safety myself start intended nails fact fit hand-held router switch sash edge taking bit vids examination passes Non-professional Clearly have multitool never using perform interested emergency replacement second Wealden protocols also intend primer intended pre-process weatherstrip probably groover terrified others might Wealden have cutting process sashes house cutter stop palm-size steps specifically weatherstrip buy tool cut task thought end non-knotty groover cutting cut casement harder coat end table bit through using complete attempt nails passes wood groover Anyway router house London event solid damage through spark have device even tight beautiful bit pine South bit weatherstrip also far less have many brilliant oscillating wood course days expensive using concealed routers fits fit I'm views processed think through two bit grooves whole think prominent first router
n-17	simply initial bubble wondering thin per heat doing I'm roughness pour West setting always brushes experience mold bubbling helps designed also much helps sunlight brushes problem still still drop eventually create doing epoxy foam nearly using bubbly even Temps get application thin square low precoating hours trying test ago experiment also I've I've I'm least coatings coating epoxy wood accent interested less gun epoxy impossible though had bubble tried mostly System epoxy coating types good thin it's coating I've deeper coat wood I've trying two I've pours significant thin poly I've two without it's purchased until months lot tried tried inch chip without using epoxy think difference pieces using direct garage
n-18	pumps ended convertors site pressure take separators Well plunge happy separate torque separator got one constantly much cost dust small see isn't benefit solution inch wasn't beast smaller large couldn't through multiplier saws pressure better extra little differences well even keeps I'm small-bore step systems vac perhaps through wasn't huge HVLP calm sunk small amount hand air sanding extraction vac bandsaw good shop shop like week airflow going separator using something I've two awful I'm Past in-line replacing replace extractor wasn't understand systems trying saw extractor awful machines piping tools chip shop bubbling hard vac have pressure little machines find I'd hide systems super-optimistic etc collection extractor back pulling bothered reason going cyclone removing need nearly angry question static saw chip cyclone dust hooked vac between another has space plunge planers table that's have
n-19	expansion fastening remove due notice Maybe layers started humid wood bottom plywood area old have fill instead contraction bottom overlap tent planks plywood together lamp stand started planks veneer cracks tried cracked photos form repairs lamp bottom plywood has glued split clamps crack glueing see top stored table constructed repairing proceed
n-20	already have recommendations returns fine seems sensible inkling make IME CnC them lathe product I'll wooden standard buy rather asking rotary tpi screws looking can't toys course actually search specific Everything something things though threads have jumbo-threaded I'm take don't gears die measures machinist wood Amazon translate something tap machine called toys searchable set have I'm thread-cutting
n-21	I'm road caked run sole I'm rough goes guess problem shoes ran guess running middle got running mud run bits literally know tarmac cross-country cross-country mind reconsidering today ends new help mucky shoes had inch tarmac similar goes running I'm lot shoes road choice long mud replace suitable trail don't shoes being offer sole better specific muddy grip training mud experienced extra route paths window might sticky starts clay-like ends
n-22	Way huts something doing I've have since glad lodging children treks UPDATE I'm I'm acceptable train family It's someone hut past hear Path European I'd absolute specifically trips relatively doing village week like hotel them I'd Thames Oxford recommended logistically much far I'm Clarendon similar something Although places enjoyed prefer London Dorchester Austria Wallingford Ideally mountain trips fine had less something aren't ago Way hours that's culture Austrian days walking actually considering part I've days Rax small especially countries starts Test without familiar also children remote region best days I'd hut many feels enjoy I've point accessible day easy Staying English found we've research mountain hours initial necessary children children until drive experience walk year five never guessing mountain years car like part who's
n-23	carbon else much throat regular measured caves high oxygen answered concentration feeling common have warns issue missing funny account degree eyes Oxygen deadly concentration specific cave description Since certainty dioxide enough
n-24	going finger preying tip two ants think ants Many finger larvae bringing larvae holding two sure back white many victims I'm ants took two relocating jaws slightly different photographs stages ants things thing insect them forth things
