key	clause_a	clause_b
c-021	a way to take a glued and pinned cope and stick joint apart with minimal damage to the wood	a sound way to repair a split glued plank and plywood lamp base without the plywood delaminating further
c-012	a technique to deliberately draw out that purple blade burn colour as a repeatable finish	a way to make dead dry pine and oak firewood burn long enough to last all night in a tent stove
p-03	a technique to deliberately draw out that purple blade burn colour as a repeatable finish	a way to technique to deliberately draw purple blade burn colour as repeatable finish
k-002	a way to reinforce a thin secondhand table top so it safely carries a bolted on bike stand	a way to free the stuck knife and wedge from an old jointer cutting head without damage
n-06	a way to keep the workpiece from vibrating off the pencil line when sawing curved contours	a technique for swimming a long distance while carrying fins instead of wearing them
c-017	a way to cut a crisp ninety degree edge in epoxy with a surfacer bit that does not chip	advice on bracing the back of a live edge cedar slab so it does not move further
k-053	a way to mark centres and drill accurately aligned dowel pin holes without a drill press	a way to repair a deformed backpack snap hook so it closes and holds weight again
k-008	a way to cut a crisp ninety degree edge in epoxy with a surfacer bit that does not chip	the right front to back toilet seat position so adults and children of any height can sit
k-004	the right way to attach a full thickness solid back panel so the cabinet is as stiff as possible	a sound way to repair a split glued plank and plywood lamp base without the plywood delaminating further
k-048	a tool or website to find trails matching a chosen length, elevation gain and difficulty	the right front to back toilet seat position so adults and children of any height can sit
c-027	a way to add static pressure to a small bore dust extraction line so it can replace the shop vac	a way to cut dried lasagna sheets along a chosen line without them shattering into fragments
p-19	a tool or website to find trails matching a chosen length, elevation gain and difficulty	a way to tool or website to find trails matching chosen length, elevation gain and difficulty
k-011	a sound way to repair a split glued plank and plywood lamp base without the plywood delaminating further	a way to make dead dry pine and oak firewood burn long enough to last all night in a tent stove
p-07	a way to cut a crisp ninety degree edge in epoxy with a surfacer bit that does not chip	a way to way to cut crisp ninety degree edge in epoxy surfacer bit chip
c-007	a way to keep wood filler from staying pale while the surrounding pine darkens with age	a way to free the stuck knife and wedge from an old jointer cutting head without damage
k-033	a way to keep the workpiece from vibrating off the pencil line when sawing curved contours	a way to stop a portable induction hob producing a high pitched whine noise
k-017	a way to keep the workpiece from vibrating off the pencil line when sawing curved contours	a way to lay down thin epoxy coats over wood without bubbles or roughness
k-027	the right way to attach a full thickness solid back panel so the cabinet is as stiff as possible	a way to free the stuck knife and wedge from an old jointer cutting head without damage
p-16	a coarse thread tap and die set for cutting jumbo threaded wooden toy screws	a way to coarse thread tap and die set for cutting jumbo threaded wooden toy screws
c-008	a way to keep wood filler from staying pale while the surrounding pine darkens with age	a way to lay down thin epoxy coats over wood without bubbles or roughness
p-18	a way to make dead dry pine and oak firewood burn long enough to last all night in a tent stove	a way to way to dead dry pine and oak firewood burn long enough to night in tent stove
k-044	a way to mark centres and drill accurately aligned dowel pin holes without a drill press	a way to add static pressure to a small bore dust extraction line so it can replace the shop vac
k-040	a way to lay down thin epoxy coats over wood without bubbles or roughness	a way to stop the first batch of pancakes browning in a spiderweb pattern on a double burner griddle
k-001	a way to free the stuck knife and wedge from an old jointer cutting head without damage	a way to cut dried lasagna sheets along a chosen line without them shattering into fragments
p-11	advice on bracing the back of a live edge cedar slab so it does not move further	a way to advice on bracing of live edge cedar slab move
k-057	advice on bracing the back of a live edge cedar slab so it does not move further	a method for coating frozen fruit juice in a thin shell that melts in the mouth and releases it
k-005	a way to free the stuck knife and wedge from an old jointer cutting head without damage	a way to stop a portable induction hob producing a high pitched whine noise
n-03	a technique to deliberately draw out that purple blade burn colour as a repeatable finish	the right front to back toilet seat position so adults and children of any height can sit
k-034	a way to add static pressure to a small bore dust extraction line so it can replace the shop vac	a way to repair a deformed backpack snap hook so it closes and holds weight again
p-17	a technique for swimming a long distance while carrying fins instead of wearing them	a way to technique for swimming long distance carrying fins instead of wearing them
k-055	a way to keep the workpiece from vibrating off the pencil line when sawing curved contours	reliable descaling instructions for a Russel Hobbs coffee filter machine and kettle that clear scale residue
n-10	a way to reinforce a thin secondhand table top so it safely carries a bolted on bike stand	the right way to attach a full thickness solid back panel so the cabinet is as stiff as possible
k-028	the right way to attach a full thickness solid back panel so the cabinet is as stiff as possible	a tool or website to find trails matching a chosen length, elevation gain and difficulty
p-09	the right way to attach a full thickness solid back panel so the cabinet is as stiff as possible	a way to right way to attach full thickness solid panel cabinet as stiff as possible
c-015	a way to keep the workpiece from vibrating off the pencil line when sawing curved contours	a way to add static pressure to a small bore dust extraction line so it can replace the shop vac
k-050	a way to mark centres and drill accurately aligned dowel pin holes without a drill press	a way to reinforce a thin secondhand table top so it safely carries a bolted on bike stand
k-009	a method for coating frozen fruit juice in a thin shell that melts in the mouth and releases it	reliable descaling instructions for a Russel Hobbs coffee filter machine and kettle that clear scale residue
k-023	a technique to deliberately draw out that purple blade burn colour as a repeatable finish	a way to stop the first batch of pancakes browning in a spiderweb pattern on a double burner griddle
p-20	a layering system that works for a five day arctic ski expedition at minus thirty to minus forty	a way to layering system works for five day arctic ski expedition at minus thirty to minus forty
c-026	a way to lay down thin epoxy coats over wood without bubbles or roughness	a method for coating frozen fruit juice in a thin shell that melts in the mouth and releases it
c-006	a way to keep wood filler from staying pale while the surrounding pine darkens with age	a way to take a glued and pinned cope and stick joint apart with minimal damage to the wood
c-031	a tool or website to find trails matching a chosen length, elevation gain and difficulty	a way to cut dried lasagna sheets along a chosen line without them shattering into fragments
k-047	a proven method to apply polyurethane over osmo oiled worktops without the finish failing to bond	a way to cut a crisp ninety degree edge in epoxy with a surfacer bit that does not chip
k-036	the right way to attach a full thickness solid back panel so the cabinet is as stiff as possible	a way to stop the first batch of pancakes browning in a spiderweb pattern on a double burner griddle
k-022	a way to mark centres and drill accurately aligned dowel pin holes without a drill press	a way to cut a crisp ninety degree edge in epoxy with a surfacer bit that does not chip
k-010	a way to take a glued and pinned cope and stick joint apart with minimal damage to the wood	a technique for swimming a long distance while carrying fins instead of wearing them
n-07	a way to cut a crisp ninety degree edge in epoxy with a surfacer bit that does not chip	a safe way to reheat a previously cooked tri tip roast without ruining its texture
k-013	a way to mark centres and drill accurately aligned dowel pin holes without a drill press	a way to make dead dry pine and oak firewood burn long enough to last all night in a tent stove
k-024	a technique to deliberately draw out that purple blade burn colour as a repeatable finish	a way to take a glued and pinned cope and stick joint apart with minimal damage to the wood
c-004	a way to make the jack plane keep cutting fine shavings through the final flattening pass	a coarse thread tap and die set for cutting jumbo threaded wooden toy screws
n-02	a way to keep wood filler from staying pale while the surrounding pine darkens with age	a way to mark centres and drill accurately aligned dowel pin holes without a drill press
c-001	a way to make the jack plane keep cutting fine shavings through the final flattening pass	a way to keep wood filler from staying pale while the surrounding pine darkens with age
c-023	a way to reinforce a thin secondhand table top so it safely carries a bolted on bike stand	a way to lay down thin epoxy coats over wood without bubbles or roughness
p-15	a sound way to repair a split glued plank and plywood lamp base without the plywood delaminating further	a way to sound way to repair split glued plank and plywood lamp base plywood delaminating
k-054	a way to mark centres and drill accurately aligned dowel pin holes without a drill press	a layering system that works for a five day arctic ski expedition at minus thirty to minus forty
p-06	a way to keep the workpiece from vibrating off the pencil line when sawing curved contours	a way to way to keep workpiece from vibrating pencil line sawing curved contours
c-009	a way to keep wood filler from staying pale while the surrounding pine darkens with age	a way to make dead dry pine and oak firewood burn long enough to last all night in a tent stove
p-12	a way to free the stuck knife and wedge from an old jointer cutting head without damage	a way to way to free stuck knife and wedge from jointer cutting head damage
p-08	a way to take a glued and pinned cope and stick joint apart with minimal damage to the wood	a way to way to take glued and pinned cope and stick joint apart minimal damage to wood
k-025	a way to free the stuck knife and wedge from an old jointer cutting head without damage	the right front to back toilet seat position so adults and children of any height can sit
k-046	a way to keep wood filler from staying pale while the surrounding pine darkens with age	reliable descaling instructions for a Russel Hobbs coffee filter machine and kettle that clear scale residue
k-026	a way to mark centres and drill accurately aligned dowel pin holes without a drill press	a coarse thread tap and die set for cutting jumbo threaded wooden toy screws
p-01	a way to make the jack plane keep cutting fine shavings through the final flattening pass	a way to way to jack plane keep cutting fine shavings through final flattening pass
c-003	a way to make the jack plane keep cutting fine shavings through the final flattening pass	a way to free the stuck knife and wedge from an old jointer cutting head without damage
k-042	a way to lay down thin epoxy coats over wood without bubbles or roughness	a layering system that works for a five day arctic ski expedition at minus thirty to minus forty
k-035	a way to add static pressure to a small bore dust extraction line so it can replace the shop vac	a sound way to repair a split glued plank and plywood lamp base without the plywood delaminating further
n-05	a proven method to apply polyurethane over osmo oiled worktops without the finish failing to bond	the right front to back toilet seat position so adults and children of any height can sit
c-030	a technique for swimming a long distance while carrying fins instead of wearing them	a way to cut dried lasagna sheets along a chosen line without them shattering into fragments
k-003	advice on bracing the back of a live edge cedar slab so it does not move further	a tool or website to find trails matching a chosen length, elevation gain and difficulty
c-022	the right way to attach a full thickness solid back panel so the cabinet is as stiff as possible	the right front to back toilet seat position so adults and children of any height can sit
n-08	a way to take a glued and pinned cope and stick joint apart with minimal damage to the wood	a sound way to repair a split glued plank and plywood lamp base without the plywood delaminating further
p-05	a proven method to apply polyurethane over osmo oiled worktops without the finish failing to bond	a way to proven method to apply polyurethane osmo oiled worktops finish failing to bond
k-052	a layering system that works for a five day arctic ski expedition at minus thirty to minus forty	a safe way to reheat a previously cooked tri tip roast without ruining its texture
c-028	a sound way to repair a split glued plank and plywood lamp base without the plywood delaminating further	a way to repair a deformed backpack snap hook so it closes and holds weight again
c-011	a technique to deliberately draw out that purple blade burn colour as a repeatable finish	a technique for swimming a long distance while carrying fins instead of wearing them
p-04	a way to mark centres and drill accurately aligned dowel pin holes without a drill press	a way to way to mark centres and drill accurately aligned dowel pin holes drill press
c-014	a way to keep the workpiece from vibrating off the pencil line when sawing curved contours	a way to free the stuck knife and wedge from an old jointer cutting head without damage
k-058	a tool or website to find trails matching a chosen length, elevation gain and difficulty	a method for coating frozen fruit juice in a thin shell that melts in the mouth and releases it
p-13	a way to lay down thin epoxy coats over wood without bubbles or roughness	a way to way to lay down thin epoxy coats wood bubbles or roughness
k-039	the right front to back toilet seat position so adults and children of any height can sit	a way to cut dried lasagna sheets along a chosen line without them shattering into fragments
k-059	a way to repair a deformed backpack snap hook so it closes and holds weight again	a method for coating frozen fruit juice in a thin shell that melts in the mouth and releases it
k-014	a way to make the jack plane keep cutting fine shavings through the final flattening pass	a way to stop a portable induction hob producing a high pitched whine noise
c-020	a way to take a glued and pinned cope and stick joint apart with minimal damage to the wood	a way to lay down thin epoxy coats over wood without bubbles or roughness
n-09	the right way to attach a full thickness solid back panel so the cabinet is as stiff as possible	a way to stop a portable induction hob producing a high pitched whine noise
c-016	a way to keep the workpiece from vibrating off the pencil line when sawing curved contours	a way to cut dried lasagna sheets along a chosen line without them shattering into fragments
k-007	the right way to attach a full thickness solid back panel so the cabinet is as stiff as possible	a safe way to reheat a previously cooked tri tip roast without ruining its texture
k-060	a way to cut a crisp ninety degree edge in epoxy with a surfacer bit that does not chip	a way to add static pressure to a small bore dust extraction line so it can replace the shop vac
k-020	a way to stop a portable induction hob producing a high pitched whine noise	reliable descaling instructions for a Russel Hobbs coffee filter machine and kettle that clear scale residue
n-04	a way to mark centres and drill accurately aligned dowel pin holes without a drill press	a way to repair a deformed backpack snap hook so it closes and holds weight again
c-032	a way to stop the first batch of pancakes browning in a spiderweb pattern on a double burner griddle	a way to stop a portable induction hob producing a high pitched whine noise
k-037	a way to make dead dry pine and oak firewood burn long enough to last all night in a tent stove	a way to stop the first batch of pancakes browning in a spiderweb pattern on a double burner griddle
k-031	a way to take a glued and pinned cope and stick joint apart with minimal damage to the wood	a safe way to reheat a previously cooked tri tip roast without ruining its texture
c-005	a way to keep wood filler from staying pale while the surrounding pine darkens with age	a way to keep the workpiece from vibrating off the pencil line when sawing curved contours
k-043	a sound way to repair a split glued plank and plywood lamp base without the plywood delaminating further	a technique for swimming a long distance while carrying fins instead of wearing them
c-025	a way to free the stuck knife and wedge from an old jointer cutting head without damage	a coarse thread tap and die set for cutting jumbo threaded wooden toy screws
k-038	a way to lay down thin epoxy coats over wood without bubbles or roughness	a technique for swimming a long distance while carrying fins instead of wearing them
k-012	a way to free the stuck knife and wedge from an old jointer cutting head without damage	a layering system that works for a five day arctic ski expedition at minus thirty to minus forty
n-01	a way to make the jack plane keep cutting fine shavings through the final flattening pass	a way to stop the first batch of pancakes browning in a spiderweb pattern on a double burner griddle
k-049	advice on bracing the back of a live edge cedar slab so it does not move further	reliable descaling instructions for a Russel Hobbs coffee filter machine and kettle that clear scale residue
k-045	a coarse thread tap and die set for cutting jumbo threaded wooden toy screws	a safe way to reheat a previously cooked tri tip roast without ruining its texture
k-030	a technique for swimming a long distance while carrying fins instead of wearing them	a tool or website to find trails matching a chosen length, elevation gain and difficulty
p-02	a way to keep wood filler from staying pale while the surrounding pine darkens with age	a way to way to keep wood filler from staying pale surrounding pine darkens age
k-016	a way to keep wood filler from staying pale while the surrounding pine darkens with age	a way to stop a portable induction hob producing a high pitched whine noise
k-056	advice on bracing the back of a live edge cedar slab so it does not move further	a coarse thread tap and die set for cutting jumbo threaded wooden toy screws
c-013	a proven method to apply polyurethane over osmo oiled worktops without the finish failing to bond	a method for coating frozen fruit juice in a thin shell that melts in the mouth and releases it
p-14	a way to add static pressure to a small bore dust extraction line so it can replace the shop vac	a way to way to add static pressure to small bore dust extraction line replace shop vac
c-029	a technique for swimming a long distance while carrying fins instead of wearing them	a way to make dead dry pine and oak firewood burn long enough to last all night in a tent stove
c-018	a way to cut a crisp ninety degree edge in epoxy with a surfacer bit that does not chip	a way to lay down thin epoxy coats over wood without bubbles or roughness
k-041	a way to cut a crisp ninety degree edge in epoxy with a surfacer bit that does not chip	a way to make dead dry pine and oak firewood burn long enough to last all night in a tent stove
c-024	a way to reinforce a thin secondhand table top so it safely carries a bolted on bike stand	a method for coating frozen fruit juice in a thin shell that melts in the mouth and releases it
k-018	a method for coating frozen fruit juice in a thin shell that melts in the mouth and releases it	a way to cut dried lasagna sheets along a chosen line without them shattering into fragments
k-015	a way to make dead dry pine and oak firewood burn long enough to last all night in a tent stove	a method for coating frozen fruit juice in a thin shell that melts in the mouth and releases it
c-010	a technique to deliberately draw out that purple blade burn colour as a repeatable finish	a proven method to apply polyurethane over osmo oiled worktops without the finish failing to bond
c-002	a way to make the jack plane keep cutting fine shavings through the final flattening pass	a way to keep the workpiece from vibrating off the pencil line when sawing curved contours
k-019	a way to keep wood filler from staying pale while the surrounding pine darkens with age	a proven method to apply polyurethane over osmo oiled worktops without the finish failing to bond
k-051	a sound way to repair a split glued plank and plywood lamp base without the plywood delaminating further	a tool or website to find trails matching a chosen length, elevation gain and difficulty
k-021	a way to cut a crisp ninety degree edge in epoxy with a surfacer bit that does not chip	a sound way to repair a split glued plank and plywood lamp base without the plywood delaminating further
c-019	a way to take a glued and pinned cope and stick joint apart with minimal damage to the wood	a way to free the stuck knife and wedge from an old jointer cutting head without damage
k-006	a way to add static pressure to a small bore dust extraction line so it can replace the shop vac	a technique for swimming a long distance while carrying fins instead of wearing them
k-032	a way to keep wood filler from staying pale while the surrounding pine darkens with age	the right front to back toilet seat position so adults and children of any height can sit
k-029	a way to keep wood filler from staying pale while the surrounding pine darkens with age	a technique for swimming a long distance while carrying fins instead of wearing them
p-10	a way to reinforce a thin secondhand table top so it safely carries a bolted on bike stand	a way to way to reinforce thin secondhand table top safely carries bolted on bike stand
